{"type":"FeatureCollection","features":[{"type":"Feature","properties":{"name":"คลองต้นไทร","type":"ชุมชนแออัด","district":"เขตคลองสาน","subdistrict":"บางลำภูล่าง","lat":13.719376,"lng":100.504523},"geometry":{"type":"Polygon","coordinates":[[[100.50769,13.71864],[100.50762,13.71845],[100.5076,13.71836],[100.50757,13.71826],[100.50752,13.7181],[100.50747,13.71795],[100.50735,13.71767],[100.5073,13.71759],[100.50703,13.7177],[100.5072,13.71816],[100.50689,13.71826],[100.50673,13.71781],[100.50631,13.71796],[100.50646,13.71829],[100.50616,13.7184],[100.50609,13.71824],[100.50605,13.71825],[100.50597,13.71807],[100.50581,13.71814],[100.50571,13.71793],[100.50509,13.71822],[100.50464,13.71845],[100.50474,13.71863],[100.50447,13.71877],[100.50425,13.71838],[100.5036,13.71873],[100.50338,13.71885],[100.50343,13.71892],[100.50325,13.71902],[100.50324,13.71905],[100.50327,13.71911],[100.50324,13.71913],[100.50334,13.71931],[100.50366,13.71917],[100.50376,13.71939],[100.50382,13.71937],[100.50404,13.71988],[100.50506,13.71951],[100.50555,13.71931],[100.50573,13.71923],[100.50597,13.71911],[100.50615,13.71902],[100.50624,13.71898],[100.50615,13.71879],[100.50655,13.71865],[100.50679,13.71857],[100.50681,13.71858],[100.50705,13.71849],[100.50718,13.71877],[100.50748,13.7187],[100.50767,13.71865],[100.50769,13.71864]]]}},{"type":"Feature","properties":{"name":"คลองพระยาเกษม","type":"ชุมชนแออัด","district":"เขตคลองสาน","subdistrict":"บางลำภูล่าง","lat":13.714201,"lng":100.501731},"geometry":{"type":"Polygon","coordinates":[[[100.50154,13.7132],[100.50135,13.71309],[100.50114,13.71298],[100.50102,13.71317],[100.501,13.71321],[100.50078,13.71306],[100.50068,13.71319],[100.50062,13.71329],[100.50057,13.71335],[100.50054,13.71334],[100.50043,13.71347],[100.50039,13.71353],[100.50055,13.71367],[100.50051,13.7137],[100.50038,13.71384],[100.50033,13.7138],[100.50029,13.71382],[100.50026,13.71381],[100.5002,13.71375],[100.50012,13.71383],[100.50025,13.71397],[100.50039,13.71408],[100.50029,13.71417],[100.50002,13.71443],[100.4998,13.71456],[100.49968,13.71439],[100.49951,13.71452],[100.49946,13.71455],[100.49933,13.71466],[100.49921,13.71473],[100.49928,13.71483],[100.4993,13.71484],[100.49973,13.71451],[100.49987,13.71468],[100.49997,13.71481],[100.49979,13.71494],[100.49977,13.71495],[100.4997,13.71484],[100.49968,13.71483],[100.49946,13.71497],[100.49953,13.71508],[100.49944,13.71515],[100.4995,13.71525],[100.49937,13.71532],[100.49935,13.71529],[100.49933,13.71528],[100.49927,13.71532],[100.49949,13.71568],[100.49991,13.71547],[100.50005,13.71569],[100.50012,13.71565],[100.50027,13.71591],[100.50071,13.71559],[100.50093,13.71544],[100.50131,13.71502],[100.50127,13.71497],[100.50127,13.71495],[100.50134,13.71487],[100.50113,13.71469],[100.50107,13.71462],[100.50106,13.7146],[100.50111,13.71454],[100.50109,13.7145],[100.50127,13.71427],[100.50127,13.71423],[100.50116,13.71416],[100.50114,13.71419],[100.50096,13.71404],[100.50103,13.71391],[100.5013,13.71359],[100.50154,13.7132]]]}},{"type":"Feature","properties":{"name":"ชาวประชาท่าดินแดง","type":"ชุมชนเมือง","district":"เขตคลองสาน","subdistrict":"คลองสาน","lat":13.73064,"lng":100.502121},"geometry":{"type":"Polygon","coordinates":[[[100.50225,13.73111],[100.50319,13.73078],[100.50307,13.73047],[100.50302,13.73034],[100.50301,13.73034],[100.50298,13.73026],[100.5029,13.73022],[100.50286,13.7301],[100.50277,13.73013],[100.50271,13.73015],[100.50267,13.73001],[100.5023,13.73012],[100.50226,13.73001],[100.50189,13.73013],[100.50191,13.7302],[100.50183,13.73023],[100.50188,13.73042],[100.50172,13.73048],[100.50185,13.73086],[100.50191,13.73103],[100.5022,13.73095],[100.50225,13.73111]]]}},{"type":"Feature","properties":{"name":"ซอยวัฒนา","type":"ชุมชนแออัด","district":"เขตคลองสาน","subdistrict":"บางลำภูล่าง","lat":13.716473,"lng":100.494996},"geometry":{"type":"Polygon","coordinates":[[[100.49568,13.71715],[100.49577,13.71715],[100.49584,13.71715],[100.49585,13.71733],[100.49588,13.71766],[100.49602,13.71763],[100.49635,13.71762],[100.49675,13.71761],[100.49652,13.71694],[100.49656,13.71693],[100.49682,13.71689],[100.49716,13.71686],[100.49705,13.71653],[100.49705,13.71645],[100.49702,13.71621],[100.49704,13.71613],[100.497,13.716],[100.49696,13.71581],[100.49669,13.7159],[100.49659,13.71594],[100.49655,13.71581],[100.49621,13.71587],[100.4962,13.71586],[100.49607,13.71587],[100.49604,13.71585],[100.4958,13.71587],[100.4954,13.71592],[100.49489,13.71596],[100.49452,13.71599],[100.49426,13.71602],[100.49415,13.71603],[100.49408,13.71604],[100.49382,13.71606],[100.49382,13.71614],[100.49385,13.71615],[100.49387,13.71621],[100.49388,13.71642],[100.49403,13.7164],[100.49406,13.71663],[100.49407,13.71665],[100.49463,13.7166],[100.49465,13.71677],[100.49446,13.71676],[100.49439,13.71677],[100.4944,13.71694],[100.49444,13.71694],[100.49475,13.71693],[100.49475,13.71712],[100.49478,13.71714],[100.49496,13.71715],[100.49496,13.71736],[100.49511,13.71736],[100.49568,13.71734],[100.49568,13.71715]]]}},{"type":"Feature","properties":{"name":"วัดทองเพลง","type":"ชุมชนแออัด","district":"เขตคลองสาน","subdistrict":"คลองต้นไทร","lat":13.724042,"lng":100.500966},"geometry":{"type":"Polygon","coordinates":[[[100.49922,13.72425],[100.49891,13.72423],[100.49848,13.72421],[100.49812,13.72418],[100.49785,13.72417],[100.49785,13.72431],[100.49765,13.7243],[100.49763,13.72448],[100.4989,13.72468],[100.4989,13.72472],[100.49888,13.72484],[100.49887,13.72498],[100.49888,13.72499],[100.49887,13.72517],[100.49909,13.72522],[100.49927,13.72524],[100.49931,13.72524],[100.49934,13.72506],[100.49931,13.72504],[100.49932,13.72487],[100.49944,13.72488],[100.49947,13.72472],[100.49971,13.72474],[100.49972,13.72457],[100.50008,13.72461],[100.50008,13.72463],[100.50029,13.72464],[100.50032,13.7243],[100.50008,13.72429],[100.50008,13.72432],[100.49988,13.72431],[100.49975,13.72429],[100.49956,13.72428],[100.49934,13.72426],[100.49931,13.72425],[100.49931,13.72424],[100.49922,13.72424],[100.49922,13.72425],[100.49922,13.72425]]]}},{"type":"Feature","properties":{"name":"หลังตลาดเจริญนคร","type":"ชุมชนแออัด","district":"เขตคลองสาน","subdistrict":"บางลำภูล่าง","lat":13.708742,"lng":100.499639},"geometry":{"type":"Polygon","coordinates":[[[100.49928,13.7089],[100.49929,13.70887],[100.49931,13.70883],[100.49931,13.70881],[100.49932,13.70876],[100.49939,13.70862],[100.49941,13.70858],[100.49944,13.70852],[100.4995,13.70837],[100.49955,13.70822],[100.49958,13.70817],[100.49965,13.70804],[100.49972,13.70789],[100.49981,13.7077],[100.49986,13.70758],[100.49968,13.70751],[100.4996,13.70748],[100.49941,13.70737],[100.49921,13.70725],[100.49911,13.70719],[100.49897,13.70716],[100.49887,13.70713],[100.49856,13.70745],[100.4981,13.70801],[100.49798,13.70817],[100.49776,13.70844],[100.49773,13.70849],[100.49769,13.70856],[100.49764,13.70862],[100.49756,13.70873],[100.49763,13.70879],[100.49762,13.70881],[100.49752,13.70893],[100.49744,13.70887],[100.49744,13.70888],[100.49733,13.70899],[100.49732,13.70902],[100.49737,13.70908],[100.49734,13.70912],[100.49732,13.70914],[100.49724,13.70923],[100.4976,13.70947],[100.49772,13.7093],[100.49778,13.70933],[100.49787,13.70939],[100.49804,13.70949],[100.49816,13.70957],[100.49808,13.70969],[100.49819,13.70976],[100.49826,13.70983],[100.49832,13.70981],[100.49842,13.70972],[100.49847,13.70964],[100.49851,13.70965],[100.49877,13.7095],[100.49892,13.70936],[100.49898,13.7093],[100.49894,13.7093],[100.49895,13.70928],[100.49899,13.70924],[100.49899,13.70924],[100.499,13.70923],[100.49904,13.70918],[100.49905,13.70918],[100.49912,13.7091],[100.49913,13.7091],[100.49915,13.70907],[100.49918,13.70905],[100.4992,13.70901],[100.49928,13.7089]]]}},{"type":"Feature","properties":{"name":"มโนรมย์ 5","type":"ชุมชนเมือง","district":"เขตคลองสามวา","subdistrict":"สามวาตะวันตก","lat":13.889151,"lng":100.715561},"geometry":{"type":"Polygon","coordinates":[[[100.71501,13.88706],[100.71502,13.89146],[100.71524,13.89146],[100.71524,13.89173],[100.71525,13.89196],[100.71543,13.89196],[100.71543,13.88828],[100.71541,13.88793],[100.71544,13.88702],[100.71501,13.88706]]]}},{"type":"Feature","properties":{"name":"ร่วมพลังพัฒนา","type":"ชุมชนชานเมือง","district":"เขตคลองสามวา","subdistrict":"ทรายกองดินใต้","lat":13.826799,"lng":100.753336},"geometry":{"type":"Polygon","coordinates":[[[100.75951,13.83004],[100.76048,13.82852],[100.7605,13.82852],[100.76054,13.82847],[100.76053,13.82846],[100.7606,13.82834],[100.75837,13.82711],[100.75788,13.82772],[100.75732,13.82863],[100.75951,13.83004]]]}},{"type":"Feature","properties":{"name":"ศรีบูรพาบ้านแบนชะโด","type":"ชุมชนชานเมือง","district":"เขตคลองสามวา","subdistrict":"ทรายกองดินใต้","lat":13.876705,"lng":100.784705},"geometry":{"type":"Polygon","coordinates":[[[100.78604,13.87942],[100.7861,13.87944],[100.78608,13.87947],[100.78615,13.8795],[100.78616,13.87946],[100.78665,13.87964],[100.78713,13.87981],[100.78738,13.87916],[100.78757,13.87917],[100.78758,13.87915],[100.78759,13.87907],[100.7876,13.87903],[100.78761,13.87902],[100.78745,13.87898],[100.78783,13.87801],[100.78792,13.87803],[100.78798,13.87792],[100.78803,13.87777],[100.78805,13.87765],[100.78798,13.8776],[100.789,13.87495],[100.78907,13.87497],[100.78909,13.87488],[100.78912,13.87481],[100.78913,13.87482],[100.78915,13.87475],[100.78912,13.87465],[100.78924,13.87435],[100.78927,13.87435],[100.78931,13.87429],[100.78933,13.87424],[100.78936,13.87417],[100.78939,13.87412],[100.78941,13.87406],[100.78935,13.87405],[100.79026,13.87168],[100.78518,13.8705],[100.78216,13.8765],[100.78221,13.87701],[100.78323,13.87793],[100.78381,13.8784],[100.78406,13.87851],[100.78505,13.87897],[100.78604,13.87942]]]}},{"type":"Feature","properties":{"name":"จินดาบำรุงพัฒนา","type":"ชุมชนแออัด","district":"เขตคันนายาว","subdistrict":"รามอินทรา","lat":13.843274,"lng":100.661611},"geometry":{"type":"Polygon","coordinates":[[[100.65838,13.84986],[100.65839,13.84986],[100.65906,13.84996],[100.65935,13.84964],[100.66008,13.84931],[100.66034,13.84916],[100.66107,13.84928],[100.6611,13.84942],[100.66109,13.84955],[100.66109,13.84985],[100.6612,13.85029],[100.66129,13.85031],[100.66133,13.85027],[100.66151,13.84991],[100.6612,13.84912],[100.66065,13.84897],[100.66064,13.84835],[100.65925,13.84822],[100.65925,13.84789],[100.65871,13.84778],[100.65894,13.84847],[100.65903,13.84851],[100.65838,13.84986]]]}},{"type":"Feature","properties":{"name":"ซอยผู้ใหญ่ชม","type":"ชุมชนแออัด","district":"เขตคันนายาว","subdistrict":"รามอินทรา","lat":13.847419,"lng":100.663283},"geometry":{"type":"Polygon","coordinates":[[[100.66414,13.84818],[100.66414,13.84813],[100.66399,13.84791],[100.66397,13.84784],[100.66294,13.84756],[100.66292,13.84758],[100.66286,13.84754],[100.66264,13.84748],[100.66265,13.84745],[100.66262,13.84742],[100.66263,13.84735],[100.66258,13.84734],[100.66254,13.84745],[100.66249,13.84744],[100.66236,13.84737],[100.66236,13.8474],[100.66224,13.84737],[100.66159,13.8483],[100.66129,13.84875],[100.66123,13.84913],[100.66154,13.8499],[100.66132,13.85035],[100.66129,13.85041],[100.66164,13.85057],[100.66207,13.85047],[100.66232,13.85021],[100.66287,13.8504],[100.66342,13.85051],[100.66345,13.85043],[100.66354,13.85004],[100.66367,13.84967],[100.66384,13.84914],[100.66392,13.84886],[100.66414,13.84818]],[[100.66414,13.84813],[100.66415,13.84815],[100.66414,13.84813],[100.66414,13.84813]]]}},{"type":"Feature","properties":{"name":"นภาพิไลพัฒนา","type":"ชุมชนแออัด","district":"เขตคันนายาว","subdistrict":"คันนายาว","lat":13.790831,"lng":100.687697},"geometry":{"type":"Polygon","coordinates":[[[100.68601,13.79155],[100.68596,13.79152],[100.68592,13.79159],[100.68594,13.7916],[100.68592,13.79162],[100.68595,13.79164],[100.68592,13.79168],[100.68589,13.79167],[100.68583,13.79176],[100.68586,13.79179],[100.68582,13.79186],[100.6858,13.79185],[100.68581,13.79186],[100.68537,13.79267],[100.68856,13.79406],[100.68854,13.79372],[100.68859,13.79309],[100.6887,13.7929],[100.68941,13.79261],[100.68974,13.79231],[100.68956,13.79211],[100.68929,13.79195],[100.689,13.79186],[100.68873,13.79172],[100.68849,13.79161],[100.68839,13.79148],[100.68822,13.79125],[100.68785,13.791],[100.68772,13.79072],[100.68765,13.79064],[100.68764,13.79054],[100.6873,13.79027],[100.68694,13.79001],[100.68613,13.79134],[100.68611,13.79132],[100.68604,13.79143],[100.68607,13.79145],[100.68601,13.79155]]]}},{"type":"Feature","properties":{"name":"ริมคลองระหัสพัฒนา","type":"ชุมชนแออัด","district":"เขตคันนายาว","subdistrict":"รามอินทรา","lat":13.787288,"lng":100.678116},"geometry":{"type":"Polygon","coordinates":[[[100.67938,13.7871],[100.67962,13.78663],[100.67966,13.78665],[100.67978,13.78644],[100.6798,13.78641],[100.67982,13.78636],[100.67985,13.78631],[100.67987,13.78623],[100.67987,13.78617],[100.67999,13.78536],[100.68065,13.78423],[100.67788,13.78278],[100.67764,13.78318],[100.67768,13.78321],[100.67767,13.78324],[100.67764,13.78329],[100.67759,13.78327],[100.67743,13.78354],[100.67739,13.78352],[100.67732,13.78364],[100.67734,13.78369],[100.67725,13.78385],[100.67723,13.78384],[100.67687,13.78452],[100.67688,13.78453],[100.67691,13.78457],[100.67656,13.78525],[100.67606,13.7861],[100.67676,13.78689],[100.67789,13.78841],[100.67938,13.7871]]]}},{"type":"Feature","properties":{"name":"วิมานสุข","type":"ชุมชนแออัด","district":"เขตคันนายาว","subdistrict":"คันนายาว","lat":13.79591,"lng":100.689906},"geometry":{"type":"Polygon","coordinates":[[[100.68394,13.79815],[100.68422,13.79828],[100.68421,13.79829],[100.68431,13.79832],[100.68446,13.79839],[100.68452,13.79828],[100.68453,13.79828],[100.68454,13.79823],[100.68461,13.79807],[100.68469,13.79809],[100.68468,13.7981],[100.68473,13.79812],[100.68473,13.79811],[100.68503,13.79821],[100.68506,13.79812],[100.68509,13.79803],[100.68515,13.79793],[100.68517,13.79777],[100.68521,13.79779],[100.68524,13.79774],[100.68523,13.79773],[100.68526,13.79768],[100.6853,13.79769],[100.6853,13.79769],[100.68532,13.79766],[100.68531,13.79766],[100.68533,13.79761],[100.6854,13.7974],[100.6856,13.7969],[100.68598,13.79707],[100.68734,13.79412],[100.68747,13.79388],[100.68719,13.79376],[100.68721,13.79374],[100.68717,13.79372],[100.68715,13.79374],[100.68714,13.79373],[100.68715,13.79371],[100.68708,13.79368],[100.68707,13.7937],[100.68698,13.79365],[100.68672,13.79411],[100.68663,13.79401],[100.68648,13.79393],[100.68621,13.79441],[100.6862,13.7944],[100.68614,13.79449],[100.68614,13.79453],[100.68606,13.79466],[100.68589,13.79454],[100.68545,13.7943],[100.68536,13.79444],[100.68529,13.79458],[100.68528,13.79457],[100.68525,13.79462],[100.68527,13.79463],[100.68522,13.79471],[100.6852,13.7947],[100.68518,13.79475],[100.68519,13.79475],[100.68516,13.7948],[100.68514,13.7948],[100.6851,13.79487],[100.68506,13.79493],[100.685,13.79505],[100.68424,13.79626],[100.68377,13.79737],[100.68416,13.7976],[100.68394,13.79815]]]}},{"type":"Feature","properties":{"name":"สุเหร่าแดง","type":"ชุมชนแออัด","district":"เขตคันนายาว","subdistrict":"คันนายาว","lat":13.789931,"lng":100.688292},"geometry":{"type":"Polygon","coordinates":[[[100.68842,13.78851],[100.68761,13.7881],[100.68686,13.78943],[100.68765,13.79017],[100.68767,13.79024],[100.68765,13.79029],[100.68771,13.79036],[100.68772,13.79038],[100.68773,13.79047],[100.68772,13.79058],[100.68795,13.79078],[100.68821,13.79104],[100.68836,13.79119],[100.6885,13.79128],[100.68889,13.79148],[100.68959,13.79172],[100.68957,13.79178],[100.68981,13.79188],[100.68993,13.79192],[100.68995,13.79185],[100.69029,13.79098],[100.69031,13.79098],[100.69037,13.79082],[100.69035,13.79082],[100.69076,13.78979],[100.68956,13.78912],[100.68954,13.7891],[100.689,13.78879],[100.68898,13.78882],[100.68842,13.78851]]]}},{"type":"Feature","properties":{"name":"หมู่ 3 รวมใจพัฒนา","type":"ชุมชนแออัด","district":"เขตคันนายาว","subdistrict":"คันนายาว","lat":13.79531274,"lng":100.69177525},"geometry":{"type":"Polygon","coordinates":[[[100.69243,13.79351],[100.69297,13.7925],[100.69298,13.79251],[100.69315,13.7922],[100.69318,13.79213],[100.69323,13.79206],[100.69335,13.79183],[100.69334,13.79182],[100.69357,13.79138],[100.69341,13.79129],[100.69342,13.79128],[100.69337,13.79126],[100.69337,13.79127],[100.69196,13.79047],[100.69081,13.78987],[100.68997,13.79205],[100.68996,13.79206],[100.68975,13.7927],[100.69166,13.79346],[100.69099,13.79453],[100.69092,13.79462],[100.69078,13.795],[100.69174,13.79543],[100.69253,13.79416],[100.69255,13.79413],[100.69235,13.79404],[100.6923,13.79402],[100.69228,13.79398],[100.69223,13.79389],[100.69225,13.79382],[100.69228,13.79378],[100.69227,13.79375],[100.6924,13.79356],[100.69243,13.79351]]]}},{"type":"Feature","properties":{"name":"หมู่บ้านชื่นกมลนิเวศน์ 4","type":"ชุมชนเมือง","district":"เขตคันนายาว","subdistrict":"รามอินทรา","lat":13.830218,"lng":100.669953},"geometry":{"type":"Polygon","coordinates":[[[100.66795,13.82921],[100.66779,13.82977],[100.66756,13.83077],[100.6673,13.83158],[100.66781,13.83199],[100.66839,13.83145],[100.66893,13.83191],[100.66962,13.8312],[100.669,13.83057],[100.66873,13.83034],[100.6688,13.83018],[100.6681,13.82957],[100.66834,13.82925],[100.66926,13.82716],[100.66931,13.82712],[100.66941,13.82689],[100.66938,13.82688],[100.66946,13.8267],[100.66901,13.82652],[100.66899,13.82652],[100.66891,13.82671],[100.66893,13.82673],[100.66795,13.82921]],[[100.66892,13.83188],[100.66892,13.83188],[100.66892,13.83189],[100.66892,13.83188]]]}},{"type":"Feature","properties":{"name":"ซอยชัยวัฒน์ 10","type":"ชุมชนเมือง","district":"เขตจอมทอง","subdistrict":"บางค้อ","lat":13.701004,"lng":100.470902},"geometry":{"type":"Polygon","coordinates":[[[100.47147,13.70179],[100.47167,13.70239],[100.4722,13.70367],[100.47233,13.70346],[100.47264,13.70306],[100.47283,13.70281],[100.47291,13.70256],[100.47241,13.70137],[100.47181,13.70168],[100.4717,13.70171],[100.47169,13.70169],[100.47147,13.70178],[100.47147,13.70179]]]}},{"type":"Feature","properties":{"name":"ศิลปเดช","type":"ชุมชนแออัด","district":"เขตจอมทอง","subdistrict":"บางค้อ","lat":13.699862,"lng":100.473879},"geometry":{"type":"Polygon","coordinates":[[[100.47197,13.69813],[100.47289,13.69917],[100.47251,13.69938],[100.47265,13.69977],[100.47294,13.7004],[100.47319,13.70094],[100.47358,13.70081],[100.47377,13.70072],[100.47405,13.70054],[100.47402,13.70046],[100.4742,13.70036],[100.47442,13.70065],[100.47464,13.70043],[100.47476,13.70025],[100.47512,13.70039],[100.47608,13.7007],[100.47667,13.7009],[100.47686,13.70039],[100.47696,13.70007],[100.47749,13.70022],[100.47769,13.69945],[100.47669,13.69894],[100.47609,13.6985],[100.47575,13.69819],[100.47535,13.69781],[100.47522,13.6977],[100.47492,13.69789],[100.47445,13.6975],[100.47401,13.69797],[100.47418,13.69823],[100.4738,13.69858],[100.47355,13.69834],[100.47321,13.6985],[100.47315,13.69846],[100.47307,13.69847],[100.47268,13.6988],[100.47203,13.6981],[100.47197,13.69813]]]}},{"type":"Feature","properties":{"name":"ปิ่นเจริญ 1","type":"ชุมชนเมือง","district":"เขตดอนเมือง","subdistrict":"สีกัน","lat":13.932272,"lng":100.597926},"geometry":{"type":"Polygon","coordinates":[[[100.5941,13.93452],[100.59472,13.93467],[100.59474,13.9347],[100.59476,13.93468],[100.59518,13.93481],[100.59523,13.93491],[100.5954,13.93518],[100.59542,13.93518],[100.59567,13.93555],[100.59879,13.93443],[100.59881,13.93445],[100.59984,13.93407],[100.59984,13.93405],[100.59991,13.93403],[100.59992,13.93405],[100.60092,13.93369],[100.60092,13.93366],[100.60181,13.93334],[100.60158,13.93281],[100.6013,13.93198],[100.60101,13.93116],[100.60186,13.93084],[100.60127,13.92926],[100.60014,13.92953],[100.60014,13.92953],[100.59882,13.92987],[100.59805,13.93008],[100.59775,13.93018],[100.59775,13.93019],[100.59769,13.93021],[100.59769,13.9302],[100.59741,13.93028],[100.59734,13.9303],[100.59733,13.93027],[100.59539,13.9308],[100.59538,13.93077],[100.59529,13.9308],[100.5953,13.93083],[100.59374,13.93125],[100.59373,13.93122],[100.59366,13.93124],[100.59367,13.93127],[100.59359,13.9313],[100.59356,13.93121],[100.59337,13.93127],[100.59339,13.93135],[100.59282,13.9315],[100.59334,13.93227],[100.59458,13.93181],[100.59507,13.93327],[100.59423,13.93353],[100.59456,13.9341],[100.59395,13.9344],[100.5941,13.93452]]]}},{"type":"Feature","properties":{"name":"สตรีเหล็กพัฒนา","type":"ชุมชนแออัด","district":"เขตดอนเมือง","subdistrict":"ดอนเมือง","lat":13.904948,"lng":100.590421},"geometry":{"type":"Polygon","coordinates":[[[100.58755,13.89928],[100.58764,13.89923],[100.58761,13.8991],[100.58762,13.89901],[100.5871,13.89807],[100.58698,13.89788],[100.58696,13.89773],[100.58622,13.89637],[100.58605,13.89613],[100.58597,13.89593],[100.58602,13.8959],[100.58593,13.89572],[100.58583,13.89567],[100.58536,13.89491],[100.58482,13.89396],[100.58427,13.89278],[100.58409,13.89287],[100.58476,13.89413],[100.58562,13.89568],[100.58637,13.8971],[100.58697,13.89821],[100.58738,13.89893],[100.58738,13.89893],[100.58755,13.89928]]]}},{"type":"Feature","properties":{"name":"หลังวัดไผ่เขียว","type":"ชุมชนเมือง","district":"เขตดอนเมือง","subdistrict":"ดอนเมือง","lat":13.916724,"lng":100.564289},"geometry":{"type":"Polygon","coordinates":[[[100.56071,13.92089],[100.56284,13.92013],[100.56348,13.91964],[100.56319,13.91857],[100.56413,13.91801],[100.56377,13.91738],[100.56466,13.91679],[100.56462,13.91656],[100.56482,13.91649],[100.56543,13.91588],[100.5643,13.91452],[100.56306,13.91526],[100.56216,13.91363],[100.55917,13.91434],[100.5599,13.91731],[100.56071,13.92089]]]}},{"type":"Feature","properties":{"name":"เคหะดินแดง (แฟลต 1-20)","type":"ชุมชนอาคารสูง","district":"เขตดินแดง","subdistrict":"ดินแดง","lat":13.758512,"lng":100.553103},"geometry":{"type":"Polygon","coordinates":[[[100.54873,13.76343],[100.55304,13.76124],[100.55478,13.76036],[100.55466,13.76008],[100.55465,13.75958],[100.55456,13.75934],[100.55423,13.75854],[100.55383,13.75755],[100.55359,13.75696],[100.55344,13.75661],[100.55334,13.75642],[100.5533,13.75638],[100.55322,13.75617],[100.55296,13.75627],[100.55267,13.75638],[100.55361,13.75859],[100.55378,13.75899],[100.55393,13.75934],[100.55404,13.7596],[100.55415,13.75985],[100.55434,13.7603],[100.55393,13.76052],[100.55318,13.76089],[100.55248,13.76125],[100.5517,13.76164],[100.55093,13.76202],[100.55005,13.76247],[100.54933,13.76282],[100.5486,13.76319],[100.54873,13.76343]]]}},{"type":"Feature","properties":{"name":"ซอยชานเมือง","type":"ชุมชนแออัด","district":"เขตดินแดง","subdistrict":"ดินแดง","lat":13.770395,"lng":100.566825},"geometry":{"type":"Polygon","coordinates":[[[100.56735,13.76739],[100.56714,13.76746],[100.56719,13.76758],[100.56695,13.76767],[100.56663,13.76675],[100.56659,13.76676],[100.56651,13.76652],[100.56657,13.7665],[100.56648,13.76627],[100.56565,13.76652],[100.56551,13.76655],[100.56561,13.76679],[100.56549,13.76684],[100.56576,13.76747],[100.56571,13.76749],[100.56573,13.76754],[100.56548,13.7676],[100.56544,13.7677],[100.56526,13.76777],[100.56531,13.7679],[100.56535,13.76803],[100.56544,13.76818],[100.56538,13.76821],[100.5654,13.7683],[100.56536,13.76832],[100.56541,13.7684],[100.56557,13.76874],[100.56551,13.76877],[100.56554,13.76888],[100.56556,13.76893],[100.56555,13.76898],[100.56557,13.76901],[100.56558,13.76903],[100.56587,13.76893],[100.56611,13.76961],[100.56638,13.77044],[100.56607,13.77056],[100.56607,13.77057],[100.56601,13.7706],[100.566,13.77058],[100.56595,13.7706],[100.56595,13.77061],[100.56578,13.77069],[100.5658,13.77075],[100.56586,13.77073],[100.56593,13.77088],[100.566,13.77085],[100.566,13.77085],[100.566,13.77087],[100.56604,13.77099],[100.56621,13.77091],[100.56626,13.77102],[100.5671,13.77068],[100.56735,13.77057],[100.56757,13.77117],[100.56774,13.7711],[100.56784,13.77113],[100.56803,13.77148],[100.56835,13.77133],[100.56837,13.77134],[100.56865,13.77121],[100.56862,13.77114],[100.56873,13.77108],[100.56872,13.77106],[100.56884,13.77101],[100.5689,13.77114],[100.56924,13.77101],[100.56942,13.77097],[100.56945,13.77097],[100.56968,13.77096],[100.56957,13.77026],[100.5695,13.76963],[100.56941,13.76939],[100.56948,13.76936],[100.56909,13.76857],[100.568,13.76893],[100.56794,13.76894],[100.56777,13.76845],[100.56772,13.76847],[100.56765,13.76828],[100.56761,13.76817],[100.56765,13.76815],[100.56756,13.76798],[100.56735,13.76739]]]}},{"type":"Feature","properties":{"name":"ซอยผาสุก","type":"ชุมชนเมือง","district":"เขตดินแดง","subdistrict":"ดินแดง","lat":13.771506,"lng":100.565806},"geometry":{"type":"Polygon","coordinates":[[[100.56644,13.7749],[100.56634,13.77492],[100.5664,13.77509],[100.56652,13.77507],[100.56675,13.77503],[100.56674,13.77496],[100.56667,13.77497],[100.56661,13.77478],[100.56691,13.77469],[100.56693,13.77476],[100.56703,13.77473],[100.56698,13.77457],[100.56742,13.77446],[100.56738,13.7743],[100.56729,13.77409],[100.56723,13.7739],[100.56722,13.77385],[100.56716,13.77387],[100.56709,13.77369],[100.56713,13.77368],[100.56698,13.77328],[100.56702,13.77327],[100.56698,13.77313],[100.56693,13.77306],[100.56688,13.77293],[100.5669,13.77292],[100.56684,13.77277],[100.56683,13.77274],[100.56702,13.77267],[100.56691,13.77243],[100.56673,13.7725],[100.56663,13.7722],[100.5665,13.77173],[100.56641,13.77145],[100.56656,13.77138],[100.56652,13.77129],[100.5664,13.77134],[100.56638,13.77135],[100.56635,13.77126],[100.5662,13.77093],[100.56604,13.77099],[100.56599,13.77087],[100.56592,13.7709],[100.56586,13.77073],[100.56575,13.77076],[100.56568,13.77079],[100.56565,13.77072],[100.56518,13.77089],[100.56525,13.77114],[100.5653,13.7713],[100.56536,13.77144],[100.56536,13.77151],[100.5654,13.77162],[100.56542,13.77179],[100.56546,13.77193],[100.56545,13.77194],[100.56548,13.77206],[100.56551,13.77213],[100.5656,13.77209],[100.56561,13.77209],[100.56564,13.77217],[100.56566,13.77216],[100.56572,13.77234],[100.56573,13.77236],[100.56575,13.77244],[100.56576,13.77247],[100.56578,13.77253],[100.56592,13.77248],[100.56597,13.77267],[100.56598,13.77271],[100.566,13.7727],[100.56603,13.77276],[100.56602,13.77278],[100.56595,13.7728],[100.56596,13.77287],[100.56604,13.77285],[100.56607,13.77288],[100.56612,13.77298],[100.56614,13.77302],[100.56616,13.77309],[100.56617,13.77312],[100.56606,13.77315],[100.56611,13.77334],[100.56612,13.77341],[100.56615,13.77352],[100.56617,13.7736],[100.56659,13.77348],[100.56681,13.77419],[100.56645,13.77429],[100.56635,13.77432],[100.56638,13.77443],[100.56628,13.77446],[100.56636,13.77466],[100.56637,13.77467],[100.56644,13.77489],[100.56644,13.7749]]]}},{"type":"Feature","properties":{"name":"ซอยแม่เนี้ยว","type":"ชุมชนแออัด","district":"เขตดินแดง","subdistrict":"ดินแดง","lat":13.772631,"lng":100.559263},"geometry":{"type":"Polygon","coordinates":[[[100.55889,13.77348],[100.5591,13.77346],[100.5591,13.77346],[100.5591,13.77345],[100.55926,13.77344],[100.55926,13.77332],[100.55932,13.77332],[100.55931,13.77325],[100.55928,13.77325],[100.55927,13.77308],[100.55908,13.77309],[100.55906,13.77278],[100.55927,13.77277],[100.55923,13.77223],[100.5592,13.7719],[100.55909,13.77191],[100.55908,13.77191],[100.55895,13.77193],[100.55895,13.77199],[100.55893,13.77199],[100.55873,13.77203],[100.55873,13.77205],[100.55876,13.7722],[100.55878,13.77228],[100.5588,13.77243],[100.5588,13.77246],[100.55882,13.77257],[100.55882,13.77257],[100.55883,13.77266],[100.55885,13.77276],[100.55883,13.77276],[100.55884,13.77283],[100.55884,13.77284],[100.55884,13.77289],[100.55884,13.77291],[100.55886,13.77307],[100.55886,13.77311],[100.55885,13.77312],[100.55886,13.77323],[100.55887,13.77331],[100.55888,13.77338],[100.55889,13.77348]]]}},{"type":"Feature","properties":{"name":"ซอยริมคลองบางซื่อ ซอยโชคชัยร่วมมิตร แยก 2 - 4","type":"ชุมชนแออัด","district":"เขตดินแดง","subdistrict":"ดินแดง","lat":13.795983,"lng":100.569994},"geometry":{"type":"Polygon","coordinates":[[[100.56698,13.79496],[100.567,13.79521],[100.5673,13.79529],[100.56769,13.79538],[100.56784,13.79542],[100.56795,13.79544],[100.56808,13.79549],[100.56861,13.79561],[100.56901,13.79572],[100.56926,13.79578],[100.56934,13.79581],[100.56945,13.79585],[100.56955,13.79588],[100.56957,13.7959],[100.56976,13.79595],[100.56985,13.79595],[100.57008,13.796],[100.57015,13.79598],[100.57026,13.796],[100.5703,13.79602],[100.5704,13.79604],[100.57041,13.79598],[100.57048,13.79599],[100.57127,13.79618],[100.57127,13.7962],[100.57128,13.79624],[100.57135,13.79624],[100.57135,13.79628],[100.57149,13.79629],[100.57151,13.79609],[100.57143,13.79608],[100.57146,13.79596],[100.57085,13.79582],[100.57046,13.79578],[100.57017,13.7957],[100.57015,13.79568],[100.57009,13.79567],[100.57008,13.79565],[100.5698,13.79559],[100.5697,13.79557],[100.56955,13.79554],[100.56952,13.79554],[100.56951,13.79552],[100.56941,13.79551],[100.56935,13.79551],[100.56935,13.79548],[100.56894,13.79541],[100.56877,13.79539],[100.56868,13.79539],[100.56847,13.79536],[100.56832,13.79535],[100.56826,13.79534],[100.56817,13.79533],[100.56796,13.79531],[100.56781,13.79527],[100.56741,13.79516],[100.56716,13.79504],[100.56705,13.795],[100.56698,13.79496]]]}},{"type":"Feature","properties":{"name":"คลองบางน้อย","type":"ชุมชนชานเมือง","district":"เขตตลิ่งชัน","subdistrict":"บางเชือกหนัง","lat":13.743244,"lng":100.452726},"geometry":{"type":"Polygon","coordinates":[[[100.4486,13.74427],[100.44892,13.7442],[100.44941,13.74401],[100.44931,13.74368],[100.44905,13.74337],[100.44878,13.74282],[100.44853,13.74287],[100.44852,13.74292],[100.4486,13.74427]]]}},{"type":"Feature","properties":{"name":"บ้านคู่คลอง","type":"ชุมชนชานเมือง","district":"เขตตลิ่งชัน","subdistrict":"คลองชักพระ","lat":13.753879,"lng":100.460514},"geometry":{"type":"Polygon","coordinates":[[[100.46064,13.78063],[100.46066,13.78065],[100.46066,13.78064],[100.46117,13.78058],[100.46169,13.78066],[100.46172,13.78068],[100.46203,13.77996],[100.46213,13.77972],[100.46216,13.77955],[100.46221,13.77944],[100.46205,13.7794],[100.46162,13.77938],[100.46096,13.77914],[100.46003,13.77876],[100.45992,13.7788],[100.45986,13.77879],[100.45946,13.77934],[100.459,13.77991],[100.45973,13.78042],[100.46019,13.78054],[100.46064,13.78063]],[[100.46066,13.78065],[100.46065,13.78065],[100.46066,13.78065],[100.46066,13.78065]]]}},{"type":"Feature","properties":{"name":"บ้านลุ่ม","type":"ชุมชนแออัด","district":"เขตตลิ่งชัน","subdistrict":"ตลิ่งชัน","lat":13.78181,"lng":100.458691},"geometry":{"type":"Polygon","coordinates":[[[100.45919,13.78214],[100.45973,13.78237],[100.46052,13.78268],[100.46091,13.78138],[100.46093,13.78133],[100.46105,13.78107],[100.46118,13.78065],[100.46117,13.78064],[100.46114,13.78064],[100.46106,13.78063],[100.46087,13.78067],[100.46064,13.78069],[100.46046,13.78064],[100.45987,13.7805],[100.45962,13.78108],[100.45919,13.78214]]]}},{"type":"Feature","properties":{"name":"โรงเรียนวัดตลิ่งชัน","type":"ชุมชนแออัด","district":"เขตตลิ่งชัน","subdistrict":"ตลิ่งชัน","lat":13.780296,"lng":100.456927},"geometry":{"type":"Polygon","coordinates":[[[100.45778,13.77976],[100.45782,13.77972],[100.45806,13.77937],[100.45789,13.77928],[100.45721,13.7789],[100.45714,13.77886],[100.45701,13.77888],[100.4569,13.77903],[100.4567,13.77931],[100.45654,13.77955],[100.45643,13.77971],[100.45635,13.77966],[100.45626,13.7796],[100.45605,13.77998],[100.45605,13.78],[100.45602,13.78005],[100.456,13.78021],[100.456,13.78023],[100.45598,13.78071],[100.45598,13.78087],[100.45602,13.78087],[100.45612,13.78063],[100.4564,13.78014],[100.45673,13.77958],[100.45691,13.77932],[100.45705,13.77911],[100.45716,13.77899],[100.45725,13.77896],[100.45735,13.77902],[100.45739,13.77907],[100.45743,13.77909],[100.45743,13.77911],[100.4574,13.77916],[100.45751,13.77923],[100.45765,13.7793],[100.45751,13.7796],[100.45757,13.77964],[100.45778,13.77976]]]}},{"type":"Feature","properties":{"name":"วัดจำปา","type":"ชุมชนชานเมือง","district":"เขตตลิ่งชัน","subdistrict":"บางระมาด","lat":13.773805,"lng":100.434611},"geometry":{"type":"Polygon","coordinates":[[[100.43221,13.77387],[100.43234,13.77418],[100.43235,13.77419],[100.43238,13.77424],[100.43364,13.77427],[100.43495,13.77421],[100.43496,13.77423],[100.43513,13.77501],[100.4354,13.77487],[100.43568,13.77475],[100.43595,13.77458],[100.4362,13.77445],[100.43622,13.77411],[100.43631,13.77393],[100.43635,13.77387],[100.43644,13.77368],[100.43653,13.77348],[100.43654,13.77328],[100.43646,13.7731],[100.4364,13.77302],[100.43632,13.77297],[100.43617,13.77291],[100.43603,13.77291],[100.4359,13.77294],[100.43579,13.77302],[100.43542,13.77337],[100.4349,13.77296],[100.43481,13.77294],[100.43469,13.77302],[100.43446,13.77325],[100.43419,13.77331],[100.43404,13.77323],[100.43389,13.77322],[100.43375,13.77311],[100.4336,13.77307],[100.43345,13.77309],[100.43341,13.77318],[100.43321,13.77331],[100.433,13.77336],[100.43267,13.77323],[100.43252,13.77291],[100.43226,13.77286],[100.43199,13.77288],[100.43201,13.77322],[100.43212,13.77355],[100.43221,13.77387]]]}},{"type":"Feature","properties":{"name":"วัดชัยพฤกษมาลา","type":"ชุมชนแออัด","district":"เขตตลิ่งชัน","subdistrict":"ตลิ่งชัน","lat":13.794341,"lng":100.46725},"geometry":{"type":"Polygon","coordinates":[[[100.46528,13.7947],[100.46541,13.79505],[100.46548,13.79529],[100.46542,13.79538],[100.46539,13.7954],[100.46543,13.79553],[100.46547,13.79553],[100.46555,13.79569],[100.46576,13.79633],[100.46942,13.79469],[100.46914,13.79402],[100.4689,13.79372],[100.46876,13.79357],[100.46862,13.79347],[100.46821,13.79362],[100.46784,13.79383],[100.46701,13.79412],[100.46625,13.79437],[100.46574,13.79451],[100.46529,13.79469],[100.46528,13.7947]]]}},{"type":"Feature","properties":{"name":"วัดช่างเหล็ก-วัดเรไร","type":"ชุมชนแออัด","district":"เขตตลิ่งชัน","subdistrict":"คลองชักพระ","lat":13.773008,"lng":100.454001},"geometry":{"type":"Polygon","coordinates":[[[100.4545,13.77262],[100.45422,13.77277],[100.45345,13.77327],[100.4529,13.77364],[100.45291,13.77368],[100.45318,13.7743],[100.4531,13.77438],[100.45318,13.77444],[100.45333,13.77457],[100.45338,13.77468],[100.45336,13.77472],[100.45316,13.77502],[100.4531,13.77505],[100.45309,13.77513],[100.45278,13.7753],[100.45264,13.77566],[100.45233,13.77646],[100.45226,13.77684],[100.45216,13.77726],[100.45209,13.77752],[100.45221,13.77756],[100.45213,13.7778],[100.45204,13.7778],[100.45199,13.77802],[100.45196,13.77802],[100.45194,13.77802],[100.4518,13.7786],[100.4517,13.77899],[100.45171,13.77907],[100.45197,13.77927],[100.45212,13.77932],[100.45219,13.77929],[100.45225,13.7792],[100.4524,13.77905],[100.45249,13.77896],[100.45258,13.77886],[100.45639,13.77589],[100.45634,13.77582],[100.45638,13.77581],[100.45633,13.77569],[100.45628,13.77571],[100.4545,13.77262]]]}},{"type":"Feature","properties":{"name":"วัดทองบางระมาด หมู่ที่ 10","type":"ชุมชนชานเมือง","district":"เขตตลิ่งชัน","subdistrict":"ฉิมพลี","lat":13.773688,"lng":100.441121},"geometry":{"type":"Polygon","coordinates":[[[100.44246,13.77954],[100.4425,13.77945],[100.44261,13.77889],[100.44273,13.77814],[100.44301,13.77772],[100.4433,13.77643],[100.44354,13.77342],[100.44352,13.77342],[100.44291,13.77328],[100.44265,13.77336],[100.44248,13.77353],[100.44063,13.77342],[100.44067,13.77483],[100.44111,13.77487],[100.44099,13.77678],[100.44091,13.7774],[100.44103,13.77739],[100.44102,13.77793],[100.44099,13.77887],[100.44105,13.77891],[100.44127,13.77891],[100.44132,13.77896],[100.44143,13.77898],[100.44147,13.77895],[100.44146,13.77891],[100.44228,13.77892],[100.44231,13.77946],[100.44234,13.77956],[100.44246,13.77954]]]}},{"type":"Feature","properties":{"name":"วัดมณฑป","type":"ชุมชนชานเมือง","district":"เขตตลิ่งชัน","subdistrict":"ฉิมพลี","lat":13.773585,"lng":100.448702},"geometry":{"type":"Polygon","coordinates":[[[100.45066,13.77449],[100.45129,13.77427],[100.45153,13.77416],[100.45153,13.77412],[100.4515,13.77402],[100.45144,13.77393],[100.4514,13.77381],[100.45132,13.77366],[100.45131,13.77343],[100.45134,13.77343],[100.45133,13.77324],[100.45115,13.77247],[100.45116,13.77246],[100.45114,13.7724],[100.45105,13.77202],[100.45105,13.772],[100.45095,13.77199],[100.45068,13.77197],[100.45012,13.77191],[100.45005,13.77192],[100.44984,13.77197],[100.44957,13.7721],[100.4493,13.77243],[100.44834,13.77291],[100.44831,13.77291],[100.44811,13.77298],[100.44787,13.7731],[100.44788,13.77321],[100.44789,13.77326],[100.44791,13.77363],[100.44795,13.77365],[100.448,13.77422],[100.44803,13.7745],[100.44808,13.77483],[100.44797,13.77485],[100.448,13.77525],[100.44788,13.7753],[100.44795,13.77569],[100.44797,13.77592],[100.44806,13.77645],[100.44813,13.7777],[100.44829,13.7777],[100.44828,13.77729],[100.44829,13.77713],[100.44829,13.77711],[100.44825,13.77666],[100.4486,13.77666],[100.45004,13.77511],[100.45066,13.77449]]]}},{"type":"Feature","properties":{"name":"วัดสมรโกฏิ-บางระจัน","type":"ชุมชนชานเมือง","district":"เขตตลิ่งชัน","subdistrict":"ฉิมพลี","lat":13.773813,"lng":100.44479},"geometry":{"type":"Polygon","coordinates":[[[100.44441,13.77308],[100.44386,13.77342],[100.44354,13.77672],[100.44465,13.77687],[100.44571,13.77715],[100.44643,13.77623],[100.44653,13.77606],[100.44652,13.77593],[100.44661,13.7758],[100.44658,13.77566],[100.44692,13.77546],[100.44699,13.77522],[100.4471,13.77486],[100.44717,13.77478],[100.44737,13.77469],[100.44741,13.77463],[100.44749,13.77455],[100.44745,13.774],[100.44766,13.77378],[100.44776,13.77354],[100.4478,13.77335],[100.44767,13.77321],[100.44705,13.77343],[100.446,13.77294],[100.44505,13.77287],[100.44498,13.7729],[100.44465,13.77291],[100.44448,13.77306],[100.44441,13.77308]]]}},{"type":"Feature","properties":{"name":"หมู่ 8 วัดทองบางเชือกหนัง","type":"ชุมชนเมือง","district":"เขตตลิ่งชัน","subdistrict":"บางเชือกหนัง","lat":13.74111,"lng":100.448659},"geometry":{"type":"Polygon","coordinates":[[[100.44917,13.74348],[100.44921,13.74349],[100.44964,13.74332],[100.44997,13.7432],[100.45013,13.74311],[100.44979,13.74231],[100.44939,13.74141],[100.44857,13.74148],[100.44865,13.74178],[100.44896,13.74256],[100.44917,13.74348]]]}},{"type":"Feature","properties":{"name":"หลังวัดกาญจนสิงหาสน์","type":"ชุมชนแออัด","district":"เขตตลิ่งชัน","subdistrict":"คลองชักพระ","lat":13.76046,"lng":100.454202},"geometry":{"type":"Polygon","coordinates":[[[100.45419,13.76035],[100.45341,13.7604],[100.45342,13.76056],[100.45441,13.76059],[100.45446,13.76044],[100.45446,13.7603],[100.45541,13.76048],[100.45562,13.7604],[100.4557,13.76033],[100.45575,13.76034],[100.45586,13.76006],[100.45588,13.75985],[100.45589,13.75984],[100.45576,13.75974],[100.45558,13.7597],[100.45525,13.7596],[100.4546,13.75942],[100.45459,13.75956],[100.45457,13.75956],[100.45456,13.75965],[100.45454,13.75969],[100.45438,13.75969],[100.45434,13.75969],[100.45433,13.75976],[100.45423,13.75988],[100.45419,13.76035]]]}},{"type":"Feature","properties":{"name":"หมู่บ้านร่วมเกื้อ","type":"ชุมชนเมือง","district":"เขตทวีวัฒนา","subdistrict":"ทวีวัฒนา","lat":13.771379,"lng":100.332179},"geometry":{"type":"Polygon","coordinates":[[[100.33054,13.77195],[100.33403,13.77218],[100.33402,13.771],[100.33402,13.77057],[100.33401,13.77024],[100.33409,13.76721],[100.33409,13.76718],[100.33373,13.76717],[100.33255,13.76721],[100.33223,13.76723],[100.33219,13.76908],[100.33037,13.76968],[100.33042,13.77066],[100.33051,13.77165],[100.33054,13.77195]]]}},{"type":"Feature","properties":{"name":"ชุมชนชานเมือง หมู่ 5 ทุ่งครุ","type":"ชุมชนเมือง","district":"เขตทุ่งครุ","subdistrict":"ทุ่งครุ","lat":13.620355,"lng":100.510366},"geometry":{"type":"Polygon","coordinates":[[[100.50728,13.61711],[100.50729,13.61713],[100.5074,13.61742],[100.50759,13.61769],[100.50776,13.61797],[100.50817,13.61848],[100.50819,13.61851],[100.5086,13.61902],[100.50862,13.61906],[100.50907,13.61956],[100.50919,13.6197],[100.50933,13.61977],[100.50941,13.61979],[100.50951,13.61976],[100.50962,13.61967],[100.50976,13.61946],[100.50984,13.61946],[100.51024,13.61948],[100.51026,13.61951],[100.51038,13.61952],[100.51139,13.61948],[100.51139,13.61829],[100.51094,13.61822],[100.51093,13.61798],[100.51083,13.61752],[100.51076,13.61739],[100.51071,13.61724],[100.51062,13.61711],[100.5107,13.61688],[100.51062,13.61662],[100.51017,13.61587],[100.50963,13.61514],[100.50918,13.6144],[100.5087,13.61372],[100.50842,13.61392],[100.50854,13.61429],[100.50861,13.6143],[100.50865,13.61441],[100.50859,13.61445],[100.50953,13.6173],[100.50876,13.61759],[100.50797,13.61686],[100.50728,13.61711]]]}},{"type":"Feature","properties":{"name":"ชุมชนชานเมือง หมู่ 6 ทุ่งครุ","type":"ชุมชนเมือง","district":"เขตทุ่งครุ","subdistrict":"ทุ่งครุ","lat":13.620241,"lng":100.511559},"geometry":{"type":"Polygon","coordinates":[[[100.51152,13.61867],[100.51152,13.61886],[100.51253,13.61894],[100.51255,13.61932],[100.51255,13.61951],[100.51254,13.61981],[100.51251,13.61981],[100.51249,13.61997],[100.51404,13.62004],[100.51606,13.62016],[100.5164,13.61869],[100.51425,13.6187],[100.51419,13.6184],[100.51287,13.61845],[100.51287,13.6185],[100.51288,13.61868],[100.51152,13.61867]]]}},{"type":"Feature","properties":{"name":"ชุมชนซอยชมทรัพย์","type":"ชุมชนเมือง","district":"เขตทุ่งครุ","subdistrict":"ทุ่งครุ","lat":13.643545,"lng":100.504865},"geometry":{"type":"Polygon","coordinates":[[[100.50122,13.64102],[100.50063,13.64094],[100.50005,13.64088],[100.49971,13.64184],[100.50082,13.64254],[100.50141,13.64292],[100.50192,13.6433],[100.50206,13.64332],[100.50207,13.64338],[100.50295,13.64389],[100.50382,13.64446],[100.50541,13.64466],[100.50609,13.64469],[100.50676,13.64479],[100.50679,13.64479],[100.50702,13.64361],[100.50754,13.6437],[100.50796,13.64376],[100.50813,13.64376],[100.50826,13.64357],[100.50834,13.64354],[100.50839,13.64328],[100.50849,13.64255],[100.50838,13.64256],[100.50843,13.64206],[100.50853,13.64204],[100.5087,13.64107],[100.50864,13.64105],[100.50838,13.64101],[100.508,13.64091],[100.50794,13.64091],[100.50794,13.64085],[100.50771,13.64082],[100.50766,13.64082],[100.50746,13.64087],[100.50717,13.64085],[100.50702,13.64084],[100.50696,13.64082],[100.50607,13.64024],[100.50544,13.63989],[100.50521,13.63986],[100.50517,13.63984],[100.50414,13.63974],[100.50306,13.63992],[100.50263,13.64021],[100.50259,13.64021],[100.50254,13.64027],[100.50244,13.64048],[100.50235,13.64061],[100.50232,13.6406],[100.5018,13.64038],[100.50182,13.64031],[100.50193,13.64],[100.50163,13.63985],[100.50159,13.63983],[100.50154,13.63992],[100.5014,13.64017],[100.50132,13.64032],[100.50126,13.64044],[100.50136,13.64046],[100.50122,13.64102]]]}},{"type":"Feature","properties":{"name":"หลังวัดกลางนา","type":"ชุมชนเมือง","district":"เขตทุ่งครุ","subdistrict":"บางมด","lat":13.657142,"lng":100.506987},"geometry":{"type":"Polygon","coordinates":[[[100.50922,13.65481],[100.50948,13.65542],[100.50889,13.65566],[100.50843,13.65589],[100.50746,13.65629],[100.50779,13.65734],[100.50797,13.65733],[100.50803,13.65733],[100.50876,13.65719],[100.50953,13.65686],[100.50977,13.6574],[100.51004,13.65734],[100.50974,13.65614],[100.51024,13.65602],[100.51065,13.6559],[100.51042,13.65442],[100.51014,13.65379],[100.50951,13.65407],[100.5097,13.65456],[100.50922,13.65481]]]}},{"type":"Feature","properties":{"name":"หลังสวนธนบุรีรมย์","type":"ชุมชนชานเมือง","district":"เขตทุ่งครุ","subdistrict":"บางมด","lat":13.653094,"lng":100.4883},"geometry":{"type":"MultiPolygon","coordinates":[[[[100.48981,13.65424],[100.48981,13.65424],[100.49159,13.65364],[100.49184,13.65447],[100.49193,13.65521],[100.49118,13.65525],[100.49108,13.65538],[100.4905,13.65555],[100.49012,13.65416],[100.48981,13.65426],[100.48992,13.65564],[100.49003,13.65705],[100.49222,13.6561],[100.4921,13.65569],[100.49198,13.65526],[100.49287,13.65485],[100.49321,13.65563],[100.4942,13.65522],[100.49395,13.65447],[100.49426,13.6542],[100.49419,13.65412],[100.49375,13.65347],[100.49363,13.6535],[100.49215,13.65411],[100.49169,13.65339],[100.49063,13.6528],[100.49005,13.6514],[100.48957,13.65151],[100.4889,13.65184],[100.48885,13.65189],[100.48886,13.65202],[100.48902,13.65236],[100.4893,13.65288],[100.48982,13.65422],[100.48981,13.65424]]],[[[100.48981,13.65426],[100.48979,13.65427],[100.49001,13.657],[100.48981,13.65426]]],[[[100.4898,13.65425],[100.48981,13.65426],[100.48981,13.65426],[100.48981,13.65424],[100.48981,13.65424],[100.4898,13.65425]],[[100.4898,13.65426],[100.4898,13.65425],[100.4898,13.65422],[100.4898,13.65426]],[[100.48981,13.65424],[100.48981,13.65424],[100.48981,13.65426],[100.48981,13.65424],[100.48981,13.65424]],[[100.48981,13.65424],[100.48981,13.65424],[100.48981,13.65424],[100.48981,13.65424]],[[100.48981,13.65424],[100.48981,13.65424],[100.48981,13.65424],[100.48981,13.65424]]]]}},{"type":"Feature","properties":{"name":"กุฎีขาว","type":"ชุมชนแออัด","district":"เขตธนบุรี","subdistrict":"วัดกัลยาณ์","lat":13.738047,"lng":100.488862},"geometry":{"type":"Polygon","coordinates":[[[100.48947,13.73954],[100.49027,13.73857],[100.4905,13.73838],[100.48986,13.73757],[100.4896,13.73746],[100.48955,13.73742],[100.48937,13.7371],[100.48903,13.73728],[100.48873,13.73739],[100.48847,13.7375],[100.48853,13.73777],[100.48861,13.73805],[100.48873,13.73829],[100.48895,13.73867],[100.48913,13.73903],[100.48918,13.73913],[100.48925,13.73927],[100.48947,13.73954]]]}},{"type":"Feature","properties":{"name":"ข้างสถานีรถไฟวงเวียนใหญ่","type":"ชุมชนแออัด","district":"เขตธนบุรี","subdistrict":"บางยี่เรือ","lat":13.724751,"lng":100.486817},"geometry":{"type":"Polygon","coordinates":[[[100.4867,13.72419],[100.4864,13.72473],[100.4863,13.72484],[100.48622,13.72497],[100.48651,13.72515],[100.4865,13.7252],[100.48674,13.72544],[100.48675,13.72546],[100.48683,13.72554],[100.48692,13.72574],[100.487,13.72585],[100.48698,13.72593],[100.48711,13.72626],[100.4877,13.72525],[100.48787,13.72535],[100.48812,13.7249],[100.48803,13.72484],[100.48818,13.72454],[100.48832,13.72462],[100.48841,13.72443],[100.48845,13.72446],[100.48854,13.72426],[100.48854,13.72426],[100.48854,13.72426],[100.48853,13.72425],[100.48852,13.72424],[100.48852,13.72424],[100.48852,13.72424],[100.48853,13.72425],[100.48854,13.72426],[100.48873,13.7239],[100.48875,13.7239],[100.48879,13.72379],[100.48716,13.7234],[100.48708,13.72357],[100.48701,13.72355],[100.48687,13.72385],[100.48686,13.72385],[100.48676,13.72405],[100.48669,13.72418],[100.4867,13.72419],[100.4867,13.72419]]]}},{"type":"Feature","properties":{"name":"ซอยศรีภูมิ","type":"ชุมชนแออัด","district":"เขตธนบุรี","subdistrict":"หิรัญรูจี","lat":13.728672,"lng":100.4863},"geometry":{"type":"Polygon","coordinates":[[[100.4859,13.72818],[100.48595,13.72903],[100.48596,13.72912],[100.48602,13.72937],[100.48606,13.7296],[100.48633,13.72953],[100.48637,13.72966],[100.4865,13.72987],[100.48659,13.72998],[100.48665,13.7301],[100.48665,13.73019],[100.48667,13.73031],[100.48671,13.73053],[100.48699,13.73036],[100.48722,13.73016],[100.48755,13.72988],[100.48789,13.72958],[100.48818,13.7293],[100.48769,13.72879],[100.48772,13.72873],[100.4876,13.72862],[100.48744,13.72849],[100.48738,13.72841],[100.48738,13.72836],[100.48772,13.72782],[100.48764,13.72733],[100.48673,13.72749],[100.48679,13.72791],[100.48666,13.72805],[100.4859,13.72818]]]}},{"type":"Feature","properties":{"name":"ตากสินสัมพันธ์","type":"ชุมชนแออัด","district":"เขตธนบุรี","subdistrict":"บางยี่เรือ","lat":13.72059,"lng":100.488684},"geometry":{"type":"Polygon","coordinates":[[[100.48538,13.72008],[100.48497,13.71991],[100.48468,13.72054],[100.48632,13.72132],[100.48666,13.72145],[100.48756,13.72184],[100.48891,13.72251],[100.48996,13.72305],[100.49048,13.72213],[100.49147,13.72291],[100.49157,13.72277],[100.49176,13.7227],[100.49099,13.72047],[100.49074,13.71974],[100.48918,13.7193],[100.48808,13.71901],[100.48682,13.7187],[100.4862,13.71845],[100.48593,13.71898],[100.48583,13.71911],[100.48539,13.719],[100.48533,13.71923],[100.4856,13.71941],[100.48538,13.72008]]]}},{"type":"Feature","properties":{"name":"โรงคราม","type":"ชุมชนแออัด","district":"เขตธนบุรี","subdistrict":"วัดกัลยาณ์","lat":13.736431,"lng":100.488141},"geometry":{"type":"Polygon","coordinates":[[[100.48858,13.73741],[100.48864,13.73739],[100.48868,13.73738],[100.48879,13.73733],[100.48896,13.73725],[100.48913,13.73718],[100.48914,13.73716],[100.48921,13.73713],[100.48951,13.73698],[100.48971,13.73683],[100.4899,13.73662],[100.48935,13.73615],[100.48912,13.73633],[100.48881,13.73645],[100.48842,13.73662],[100.48834,13.73665],[100.48833,13.73663],[100.48828,13.73664],[100.48828,13.73667],[100.48818,13.7367],[100.4883,13.73707],[100.48844,13.73742],[100.48851,13.73741],[100.48858,13.73741]]]}},{"type":"Feature","properties":{"name":"วัดราชวรินทร์","type":"ชุมชนแออัด","district":"เขตธนบุรี","subdistrict":"สำเหร่","lat":13.710769,"lng":100.492532},"geometry":{"type":"Polygon","coordinates":[[[100.49314,13.70905],[100.49294,13.70903],[100.49204,13.70881],[100.49189,13.70874],[100.4918,13.70868],[100.49166,13.70862],[100.4914,13.70851],[100.49127,13.70849],[100.49106,13.70848],[100.49071,13.70847],[100.49021,13.70957],[100.49074,13.7098],[100.49078,13.70974],[100.49118,13.70988],[100.49202,13.71018],[100.49208,13.71018],[100.49206,13.71072],[100.49205,13.71124],[100.49322,13.71124],[100.49322,13.71094],[100.49321,13.71079],[100.49325,13.71012],[100.49316,13.71012],[100.49316,13.70971],[100.49315,13.70969],[100.49314,13.70905]]]}},{"type":"Feature","properties":{"name":"วัดดงมูลเหล็ก","type":"ชุมชนแออัด","district":"เขตบางกอกน้อย","subdistrict":"บ้านช่างหล่อ","lat":13.752245,"lng":100.475664},"geometry":{"type":"Polygon","coordinates":[[[100.47637,13.75034],[100.47583,13.75021],[100.47578,13.75021],[100.47565,13.75017],[100.47533,13.75011],[100.47499,13.75002],[100.47497,13.74999],[100.47488,13.74999],[100.47488,13.74999],[100.47488,13.74996],[100.47473,13.74994],[100.47472,13.74997],[100.47453,13.74995],[100.47438,13.74995],[100.47426,13.74992],[100.4742,13.74992],[100.4742,13.74992],[100.4742,13.74993],[100.47408,13.7499],[100.47408,13.74988],[100.47401,13.74988],[100.47401,13.74988],[100.47399,13.74988],[100.47399,13.74986],[100.47388,13.74985],[100.47388,13.74985],[100.47387,13.74986],[100.47384,13.74986],[100.47384,13.74985],[100.47381,13.74984],[100.47381,13.74983],[100.47381,13.74983],[100.47371,13.74982],[100.4737,13.74983],[100.47365,13.74982],[100.47365,13.74982],[100.47362,13.74981],[100.47357,13.74982],[100.47303,13.74972],[100.47243,13.74961],[100.47181,13.74956],[100.4717,13.75001],[100.4706,13.7496],[100.47029,13.7495],[100.47,13.74944],[100.46999,13.74953],[100.46987,13.75144],[100.4708,13.75171],[100.47119,13.75186],[100.47186,13.75207],[100.4724,13.75218],[100.47294,13.75229],[100.47374,13.7524],[100.4742,13.75255],[100.47453,13.75263],[100.47479,13.75306],[100.47491,13.75273],[100.47608,13.75301],[100.47621,13.75304],[100.47624,13.75306],[100.47644,13.75305],[100.4771,13.75323],[100.47742,13.75325],[100.478,13.75343],[100.47805,13.75223],[100.47777,13.75225],[100.47781,13.75187],[100.47731,13.75179],[100.47736,13.75145],[100.4767,13.75132],[100.47692,13.75028],[100.47672,13.75023],[100.47667,13.75023],[100.47664,13.75035],[100.47661,13.75035],[100.47654,13.75034],[100.47638,13.75034],[100.47637,13.75034]]]}},{"type":"Feature","properties":{"name":"วัดโพธิ์เรียง","type":"ชุมชนแออัด","district":"เขตบางกอกน้อย","subdistrict":"บ้านช่างหล่อ","lat":13.74566402,"lng":100.47279657},"geometry":{"type":"Polygon","coordinates":[[[100.47018,13.74759],[100.47163,13.74752],[100.47223,13.74747],[100.47307,13.74741],[100.47407,13.74763],[100.47474,13.74779],[100.47536,13.74795],[100.47579,13.74806],[100.4758,13.74807],[100.47579,13.74817],[100.47588,13.74818],[100.47596,13.74778],[100.47533,13.74757],[100.47553,13.74698],[100.47564,13.74702],[100.47583,13.74653],[100.47518,13.74625],[100.47458,13.74599],[100.47503,13.74549],[100.4751,13.74552],[100.47513,13.74544],[100.47524,13.74545],[100.47545,13.74472],[100.47493,13.74427],[100.47438,13.74385],[100.47252,13.74352],[100.47058,13.74319],[100.4705,13.74414],[100.47018,13.74759]]]}},{"type":"Feature","properties":{"name":"วัดยางสุทธาราม","type":"ชุมชนแออัด","district":"เขตบางกอกน้อย","subdistrict":"บ้านช่างหล่อ","lat":13.75441,"lng":100.473897},"geometry":{"type":"Polygon","coordinates":[[[100.46957,13.75476],[100.47102,13.75488],[100.47327,13.75506],[100.47574,13.75526],[100.47791,13.75544],[100.47796,13.75386],[100.47798,13.75345],[100.47736,13.75327],[100.47707,13.75324],[100.47657,13.75313],[100.47643,13.75306],[100.47624,13.75307],[100.47621,13.75304],[100.47567,13.75293],[100.47492,13.75274],[100.47479,13.75306],[100.47477,13.75308],[100.47461,13.75279],[100.47392,13.75246],[100.47352,13.75241],[100.47291,13.75234],[100.47276,13.7533],[100.4727,13.7537],[100.47249,13.75365],[100.4715,13.75345],[100.46971,13.75299],[100.46964,13.75376],[100.46957,13.75476]]]}},{"type":"Feature","properties":{"name":"วัดสุวรรณาราม","type":"ชุมชนแออัด","district":"เขตบางกอกน้อย","subdistrict":"ศิริราช","lat":13.761906,"lng":100.477865},"geometry":{"type":"Polygon","coordinates":[[[100.48136,13.76079],[100.4812,13.76072],[100.48111,13.76071],[100.48104,13.76072],[100.48104,13.76079],[100.47929,13.76079],[100.47793,13.76079],[100.47641,13.76091],[100.47552,13.76118],[100.47487,13.76148],[100.4742,13.76192],[100.47304,13.76289],[100.4753,13.76546],[100.47561,13.76516],[100.47606,13.76478],[100.47657,13.76448],[100.47755,13.7637],[100.4785,13.76289],[100.47892,13.76262],[100.47932,13.76241],[100.48085,13.76173],[100.48135,13.76144],[100.48151,13.76135],[100.48148,13.76115],[100.48136,13.76079]]]}},{"type":"Feature","properties":{"name":"วัดสังข์กระจาย","type":"ชุมชนแออัด","district":"เขตบางกอกใหญ่","subdistrict":"วัดท่าพระ","lat":13.733349,"lng":100.484994},"geometry":{"type":"Polygon","coordinates":[[[100.484,13.73309],[100.48427,13.73334],[100.48443,13.7336],[100.48407,13.73393],[100.48437,13.73419],[100.48475,13.73449],[100.48496,13.73473],[100.48545,13.73428],[100.48562,13.73414],[100.48595,13.73391],[100.48631,13.73369],[100.48651,13.73359],[100.48629,13.73307],[100.48617,13.73268],[100.48603,13.73222],[100.48607,13.7322],[100.48603,13.73172],[100.48601,13.73147],[100.48607,13.73146],[100.48602,13.73125],[100.48566,13.73145],[100.48521,13.73188],[100.4848,13.73234],[100.484,13.73309]]]}},{"type":"Feature","properties":{"name":"สามัคคีพัฒนา","type":"ชุมชนแออัด","district":"เขตบางกะปิ","subdistrict":"หัวหมาก","lat":13.76089,"lng":100.656217},"geometry":{"type":"MultiPolygon","coordinates":[[[[100.6567,13.75973],[100.65674,13.75993],[100.65674,13.75994],[100.65656,13.76],[100.65628,13.76003],[100.65579,13.76011],[100.65578,13.76011],[100.65618,13.76122],[100.65645,13.76173],[100.65661,13.76215],[100.65666,13.76234],[100.65665,13.76251],[100.65655,13.7627],[100.65654,13.76299],[100.65656,13.76343],[100.65667,13.76378],[100.65674,13.76418],[100.65682,13.76442],[100.65696,13.76476],[100.657,13.76483],[100.65733,13.76465],[100.6586,13.76421],[100.65855,13.76392],[100.65895,13.76366],[100.65933,13.76352],[100.65982,13.76326],[100.6605,13.76294],[100.66116,13.76271],[100.66139,13.76263],[100.66095,13.76168],[100.66078,13.76091],[100.66052,13.76068],[100.66026,13.7604],[100.65985,13.76025],[100.65965,13.75972],[100.6595,13.75952],[100.65949,13.75931],[100.65943,13.7592],[100.65882,13.75928],[100.65824,13.75944],[100.65773,13.75952],[100.65736,13.75954],[100.65733,13.75951],[100.6568,13.75955],[100.6567,13.75973]]],[[[100.65455,13.76319],[100.65472,13.76321],[100.65527,13.76304],[100.65629,13.76183],[100.65607,13.76136],[100.65591,13.76124],[100.65583,13.76118],[100.65582,13.7612],[100.65581,13.76119],[100.65569,13.76136],[100.6554,13.76166],[100.65501,13.76189],[100.65481,13.76211],[100.65463,13.7623],[100.65444,13.76262],[100.65424,13.76289],[100.65424,13.76291],[100.6543,13.76295],[100.65455,13.76319]]]]}},{"type":"Feature","properties":{"name":"คลองใหญ่","type":"ชุมชนแออัด","district":"เขตบางขุนเทียน","subdistrict":"ท่าข้าม","lat":13.621102,"lng":100.438559},"geometry":{"type":"Polygon","coordinates":[[[100.43697,13.62111],[100.43714,13.6212],[100.43699,13.6216],[100.43766,13.62181],[100.4378,13.62125],[100.43799,13.61986],[100.43776,13.61985],[100.43739,13.61983],[100.43737,13.61991],[100.43735,13.62014],[100.43708,13.62081],[100.43697,13.62111]]]}},{"type":"Feature","properties":{"name":"ปู่โฉมพัฒนา","type":"ชุมชนแออัด","district":"เขตบางขุนเทียน","subdistrict":"แสมดำ","lat":13.62523,"lng":100.430824},"geometry":{"type":"Polygon","coordinates":[[[100.42388,13.62332],[100.42419,13.62316],[100.42354,13.6229],[100.42269,13.62256],[100.42253,13.62246],[100.42244,13.62242],[100.4224,13.62249],[100.422,13.62232],[100.42181,13.62226],[100.42185,13.62217],[100.42157,13.62205],[100.4215,13.62217],[100.42114,13.62204],[100.42064,13.62186],[100.42033,13.62176],[100.4203,13.62172],[100.42006,13.62164],[100.41984,13.62155],[100.41952,13.62143],[100.41942,13.6214],[100.4193,13.62168],[100.41949,13.62176],[100.41964,13.62181],[100.42015,13.622],[100.42073,13.6222],[100.42142,13.62243],[100.42161,13.62251],[100.42312,13.62306],[100.42369,13.62326],[100.42388,13.62332]]]}},{"type":"Feature","properties":{"name":"วัดนาคสี่บาท หมู่ 7","type":"ชุมชนแออัด","district":"เขตบางขุนเทียน","subdistrict":"แสมดำ","lat":13.674956,"lng":100.448229},"geometry":{"type":"Polygon","coordinates":[[[100.44748,13.67493],[100.44838,13.67527],[100.44864,13.67525],[100.44852,13.67481],[100.44845,13.67449],[100.44804,13.67443],[100.4477,13.67422],[100.44748,13.67493]]]}},{"type":"Feature","properties":{"name":"วัดหัวกระบือ","type":"ชุมชนชานเมือง","district":"เขตบางขุนเทียน","subdistrict":"ท่าข้าม","lat":13.617468,"lng":100.449184},"geometry":{"type":"Polygon","coordinates":[[[100.44958,13.62054],[100.44971,13.62025],[100.44996,13.62009],[100.45006,13.61961],[100.45013,13.61898],[100.45014,13.61846],[100.4501,13.61815],[100.45021,13.61775],[100.45032,13.61752],[100.45033,13.61728],[100.45032,13.61698],[100.45023,13.61671],[100.45037,13.61641],[100.45043,13.61612],[100.45071,13.61568],[100.45087,13.61563],[100.45103,13.61556],[100.45116,13.61566],[100.45122,13.61554],[100.4514,13.61526],[100.45145,13.61501],[100.45139,13.61489],[100.45128,13.6148],[100.45115,13.61455],[100.45112,13.61354],[100.45117,13.61275],[100.45118,13.61228],[100.45122,13.61187],[100.4509,13.61168],[100.45065,13.61155],[100.45037,13.61135],[100.44996,13.61129],[100.44957,13.61125],[100.44886,13.61116],[100.44862,13.61122],[100.4484,13.61331],[100.4495,13.61434],[100.44943,13.61529],[100.44774,13.61483],[100.44777,13.61557],[100.44777,13.61592],[100.44844,13.61619],[100.44841,13.61681],[100.4482,13.61679],[100.44788,13.61725],[100.44769,13.61801],[100.44746,13.61861],[100.44816,13.61922],[100.44808,13.61976],[100.44838,13.61985],[100.44845,13.61996],[100.44891,13.62026],[100.44958,13.62054]]]}},{"type":"Feature","properties":{"name":"สายสัมพันธ์ หมู่ 7","type":"ชุมชนเมือง","district":"เขตบางขุนเทียน","subdistrict":"แสมดำ","lat":13.658104,"lng":100.442754},"geometry":{"type":"Polygon","coordinates":[[[100.44235,13.65942],[100.44295,13.65941],[100.44351,13.65944],[100.44355,13.65942],[100.4436,13.6593],[100.44358,13.65918],[100.44395,13.65916],[100.44416,13.65914],[100.44422,13.6591],[100.44442,13.65899],[100.44498,13.65911],[100.44529,13.65847],[100.4453,13.65818],[100.44525,13.65793],[100.44432,13.65788],[100.44436,13.65757],[100.4429,13.65745],[100.44244,13.65742],[100.44239,13.65835],[100.44235,13.65942]]]}},{"type":"Feature","properties":{"name":"หลวงพ่อขาว","type":"ชุมชนเมือง","district":"เขตบางขุนเทียน","subdistrict":"ท่าข้าม","lat":13.622019,"lng":100.459675},"geometry":{"type":"Polygon","coordinates":[[[100.44884,13.61113],[100.45043,13.61137],[100.45044,13.6114],[100.45047,13.61142],[100.45057,13.61143],[100.45059,13.6114],[100.45071,13.61142],[100.45091,13.61005],[100.44844,13.61006],[100.44862,13.61122],[100.44884,13.61113]]]}},{"type":"Feature","properties":{"name":"บางบัว","type":"ชุมชนเมือง","district":"เขตบางเขน","subdistrict":"อนุสาวรีย์","lat":13.866576,"lng":100.588374},"geometry":{"type":"Polygon","coordinates":[[[100.58743,13.86544],[100.58746,13.86543],[100.58745,13.86501],[100.58745,13.8646],[100.58745,13.86429],[100.58712,13.86434],[100.58694,13.86433],[100.58693,13.86442],[100.58704,13.86613],[100.58708,13.86701],[100.58712,13.86748],[100.58715,13.86776],[100.58745,13.8677],[100.58756,13.86767],[100.58751,13.86721],[100.58755,13.86705],[100.58754,13.86699],[100.58759,13.86653],[100.58756,13.86564],[100.58753,13.86564],[100.58753,13.86558],[100.58745,13.86556],[100.58743,13.86555],[100.58743,13.86544]]]}},{"type":"Feature","properties":{"name":"ร่วมใจพัฒนากลาง","type":"ชุมชนแออัด","district":"เขตบางเขน","subdistrict":"อนุสาวรีย์","lat":13.886164,"lng":100.596145},"geometry":{"type":"Polygon","coordinates":[[[100.5947,13.88753],[100.59485,13.88768],[100.59483,13.8877],[100.595,13.88786],[100.59502,13.88785],[100.59506,13.88788],[100.59505,13.88789],[100.5951,13.88795],[100.59511,13.88794],[100.59512,13.88794],[100.5951,13.88796],[100.59514,13.888],[100.59516,13.88799],[100.59517,13.88799],[100.59514,13.88802],[100.59517,13.88805],[100.5952,13.88803],[100.59521,13.88803],[100.59519,13.88805],[100.59522,13.88809],[100.59525,13.88807],[100.59526,13.88808],[100.59524,13.8881],[100.5953,13.88817],[100.59533,13.88815],[100.59558,13.88839],[100.59559,13.8884],[100.59557,13.88842],[100.59568,13.88852],[100.5957,13.8885],[100.59646,13.88918],[100.59646,13.88919],[100.59649,13.88921],[100.59658,13.88928],[100.59672,13.88937],[100.59672,13.88938],[100.59678,13.88943],[100.59679,13.88942],[100.59679,13.88943],[100.59686,13.88949],[100.59687,13.88948],[100.59699,13.88958],[100.59698,13.88959],[100.59708,13.88966],[100.59709,13.88965],[100.59732,13.88982],[100.59807,13.89032],[100.59816,13.89017],[100.59781,13.88991],[100.5978,13.88992],[100.59778,13.88988],[100.59777,13.88986],[100.59775,13.88985],[100.59772,13.88982],[100.59771,13.88983],[100.59771,13.88983],[100.59737,13.88958],[100.59699,13.88925],[100.59678,13.88909],[100.59666,13.88898],[100.59665,13.88899],[100.59654,13.88891],[100.59613,13.8886],[100.59574,13.88823],[100.59504,13.88751],[100.59499,13.88746],[100.59489,13.88739],[100.5947,13.88753]]]}},{"type":"Feature","properties":{"name":"สามัคคีร่วมใจ","type":"ชุมชนเมือง","district":"เขตบางเขน","subdistrict":"อนุสาวรีย์","lat":13.860045,"lng":100.586647},"geometry":{"type":"Polygon","coordinates":[[[100.58654,13.85951],[100.58655,13.85967],[100.5865,13.85968],[100.58653,13.85981],[100.58656,13.85981],[100.58658,13.86015],[100.58664,13.86053],[100.58666,13.86076],[100.58659,13.86077],[100.58659,13.86084],[100.58666,13.86084],[100.58667,13.86091],[100.5867,13.86166],[100.58677,13.86246],[100.58681,13.86287],[100.58684,13.86326],[100.58692,13.86393],[100.58694,13.86433],[100.58721,13.86432],[100.58716,13.86352],[100.58711,13.86321],[100.58707,13.86272],[100.58709,13.8626],[100.58726,13.86258],[100.58742,13.86252],[100.58713,13.86207],[100.58706,13.86167],[100.58705,13.86157],[100.58702,13.86157],[100.58701,13.86157],[100.58701,13.8615],[100.587,13.86145],[100.58699,13.86141],[100.58698,13.86138],[100.58702,13.86125],[100.58702,13.86113],[100.587,13.86099],[100.587,13.86088],[100.58698,13.86052],[100.58698,13.85984],[100.58697,13.8597],[100.58717,13.8597],[100.58682,13.85915],[100.58661,13.85889],[100.58656,13.85889],[100.58654,13.85951]]]}},{"type":"Feature","properties":{"name":"เชิงสะพานกรุงเทพ","type":"ชุมชนแออัด","district":"เขตบางคอแหลม","subdistrict":"บางคอแหลม","lat":13.69576,"lng":100.49731},"geometry":{"type":"Polygon","coordinates":[[[100.4953,13.69454],[100.49662,13.69591],[100.49695,13.69591],[100.49751,13.69644],[100.4991,13.69476],[100.49881,13.694],[100.49837,13.69314],[100.4953,13.69454]]]}},{"type":"Feature","properties":{"name":"ซอยวัดอินทร์บรรจง","type":"ชุมชนแออัด","district":"เขตบางคอแหลม","subdistrict":"บางคอแหลม","lat":13.688948,"lng":100.50027},"geometry":{"type":"Polygon","coordinates":[[[100.50039,13.68817],[100.50031,13.68821],[100.49668,13.68949],[100.49582,13.69023],[100.49644,13.69109],[100.49756,13.69191],[100.49805,13.6921],[100.49827,13.69229],[100.49822,13.69265],[100.4984,13.69323],[100.49923,13.69468],[100.50206,13.6916],[100.50179,13.69085],[100.50139,13.69067],[100.50115,13.69007],[100.50097,13.68974],[100.50082,13.68923],[100.50039,13.68817]]]}},{"type":"Feature","properties":{"name":"บางคอแหลม","type":"ชุมชนแออัด","district":"เขตบางคอแหลม","subdistrict":"บางคอแหลม","lat":13.699008,"lng":100.502184},"geometry":{"type":"Polygon","coordinates":[[[100.50156,13.69948],[100.50156,13.6995],[100.50153,13.6996],[100.5015,13.69969],[100.50148,13.69977],[100.50144,13.69992],[100.50142,13.70001],[100.50144,13.70001],[100.50168,13.70008],[100.50186,13.70014],[100.50195,13.70016],[100.50222,13.70025],[100.5022,13.70031],[100.50218,13.70039],[100.50222,13.70044],[100.50257,13.70053],[100.50266,13.70055],[100.50266,13.70056],[100.50273,13.70058],[100.50279,13.7006],[100.50287,13.70066],[100.5029,13.70061],[100.50297,13.70047],[100.503,13.7004],[100.50312,13.70012],[100.50325,13.69985],[100.5034,13.69949],[100.50343,13.69945],[100.50343,13.69944],[100.50345,13.69943],[100.50367,13.69906],[100.50413,13.69932],[100.50414,13.69931],[100.50421,13.69936],[100.50431,13.69939],[100.50434,13.69942],[100.50442,13.69947],[100.50481,13.69968],[100.50536,13.69936],[100.50605,13.6989],[100.5064,13.69841],[100.50627,13.69833],[100.5063,13.69829],[100.50621,13.69824],[100.50611,13.69818],[100.50606,13.69814],[100.50604,13.69816],[100.50597,13.69812],[100.50596,13.69813],[100.50532,13.69771],[100.50513,13.6975],[100.50498,13.69737],[100.50484,13.69722],[100.50475,13.69713],[100.50452,13.69688],[100.50441,13.6968],[100.50377,13.69737],[100.50373,13.6974],[100.50337,13.69771],[100.50309,13.69793],[100.50306,13.69797],[100.50288,13.69856],[100.50279,13.69855],[100.50278,13.69859],[100.5024,13.69837],[100.5023,13.69848],[100.50226,13.69845],[100.5022,13.69854],[100.50217,13.69858],[100.50214,13.69861],[100.50211,13.69862],[100.50209,13.69866],[100.50208,13.69868],[100.50207,13.6987],[100.50203,13.69877],[100.50209,13.69887],[100.502,13.69898],[100.50187,13.69916],[100.50184,13.69923],[100.50183,13.69929],[100.50174,13.69942],[100.50168,13.6994],[100.5016,13.69937],[100.50157,13.69941],[100.50156,13.69944],[100.50156,13.69948]]]}},{"type":"Feature","properties":{"name":"บางอุทิศ","type":"ชุมชนแออัด","district":"เขตบางคอแหลม","subdistrict":"วัดพระยาไกร","lat":13.700551,"lng":100.506698},"geometry":{"type":"Polygon","coordinates":[[[100.50912,13.70262],[100.50916,13.70258],[100.50918,13.70258],[100.50921,13.70256],[100.50922,13.70254],[100.50921,13.70253],[100.5094,13.70236],[100.50961,13.70216],[100.5096,13.70214],[100.50986,13.70191],[100.50908,13.70106],[100.50838,13.70035],[100.50722,13.69964],[100.50603,13.69891],[100.50482,13.69973],[100.50522,13.70029],[100.50527,13.70037],[100.50531,13.7004],[100.50538,13.7005],[100.50542,13.70056],[100.50546,13.70064],[100.50562,13.70078],[100.50603,13.70101],[100.50703,13.7012],[100.50761,13.70143],[100.50773,13.70134],[100.50842,13.70195],[100.50847,13.70193],[100.50912,13.70262]]]}},{"type":"Feature","properties":{"name":"มาตานุสรณ์","type":"ชุมชนแออัด","district":"เขตบางคอแหลม","subdistrict":"บางคอแหลม","lat":13.697497,"lng":100.492292},"geometry":{"type":"Polygon","coordinates":[[[100.49106,13.69555],[100.4911,13.6964],[100.49136,13.69641],[100.49147,13.69704],[100.49188,13.69797],[100.49283,13.69783],[100.49298,13.69824],[100.49335,13.69832],[100.49332,13.69871],[100.49409,13.69864],[100.49483,13.6986],[100.49529,13.69875],[100.49593,13.69812],[100.49587,13.69804],[100.49512,13.69768],[100.49487,13.69756],[100.4938,13.69701],[100.49374,13.69698],[100.49341,13.69687],[100.49241,13.69664],[100.49243,13.69656],[100.49179,13.69635],[100.49166,13.69586],[100.49159,13.69581],[100.49147,13.69556],[100.49106,13.69555]]]}},{"type":"Feature","properties":{"name":"โรงแก้ว","type":"ชุมชนแออัด","district":"เขตบางคอแหลม","subdistrict":"บางโคล่","lat":13.696639,"lng":100.526718},"geometry":{"type":"Polygon","coordinates":[[[100.52651,13.69454],[100.52687,13.69494],[100.52675,13.69506],[100.52765,13.69636],[100.52798,13.69615],[100.52862,13.69705],[100.52852,13.69712],[100.52916,13.69793],[100.52922,13.69786],[100.52937,13.69812],[100.53013,13.6993],[100.53037,13.69941],[100.53052,13.69951],[100.53086,13.69911],[100.53052,13.69886],[100.53041,13.69877],[100.53034,13.69859],[100.5302,13.69846],[100.52992,13.69812],[100.5297,13.69764],[100.52958,13.69745],[100.52961,13.69739],[100.5285,13.69607],[100.52794,13.69534],[100.52812,13.69522],[100.5282,13.69531],[100.52834,13.69521],[100.52797,13.69476],[100.52773,13.69495],[100.52741,13.6946],[100.52719,13.69433],[100.52713,13.69435],[100.52699,13.69419],[100.52651,13.69454]]]}},{"type":"Feature","properties":{"name":"วัดจันทร์ใน","type":"ชุมชนแออัด","district":"เขตบางคอแหลม","subdistrict":"บางคอแหลม","lat":13.696472,"lng":100.503739},"geometry":{"type":"Polygon","coordinates":[[[100.49893,13.69821],[100.49917,13.69801],[100.49929,13.69808],[100.49939,13.69802],[100.49926,13.69786],[100.49954,13.69764],[100.50094,13.69699],[100.50097,13.69704],[100.50105,13.69701],[100.5011,13.69707],[100.50129,13.69729],[100.50147,13.69758],[100.50169,13.69785],[100.50181,13.69796],[100.5019,13.69803],[100.5021,13.69818],[100.50214,13.69816],[100.50218,13.69818],[100.50217,13.6982],[100.50223,13.69824],[100.50229,13.69828],[100.50238,13.69834],[100.50238,13.69833],[100.50279,13.69782],[100.50306,13.69797],[100.50422,13.69694],[100.50437,13.69679],[100.50433,13.69675],[100.5043,13.6967],[100.50477,13.69627],[100.50487,13.69607],[100.50489,13.69601],[100.50461,13.69561],[100.50433,13.69579],[100.50392,13.69501],[100.50187,13.69554],[100.50062,13.69583],[100.50047,13.69588],[100.49997,13.69621],[100.4992,13.69665],[100.49891,13.69682],[100.49879,13.69686],[100.49845,13.6971],[100.49813,13.69729],[100.49773,13.69773],[100.49852,13.69847],[100.49893,13.69821]]]}},{"type":"Feature","properties":{"name":"วัดไผ่เงิน","type":"ชุมชนแออัด","district":"เขตบางคอแหลม","subdistrict":"บางโคล่","lat":13.701466,"lng":100.523259},"geometry":{"type":"Polygon","coordinates":[[[100.52454,13.70014],[100.52525,13.69975],[100.52499,13.69932],[100.52577,13.69887],[100.52343,13.69587],[100.52273,13.69493],[100.52068,13.69577],[100.52454,13.70014],[100.52454,13.70014]]]}},{"type":"Feature","properties":{"name":"วัดพระยาไกรระยะ 3","type":"ชุมชนแออัด","district":"เขตบางคอแหลม","subdistrict":"วัดพระยาไกร","lat":13.701866,"lng":100.509361},"geometry":{"type":"Polygon","coordinates":[[[100.50794,13.70328],[100.50795,13.70329],[100.50796,13.7033],[100.50813,13.70355],[100.50818,13.70362],[100.5082,13.70362],[100.50822,13.7036],[100.50827,13.70366],[100.50973,13.70506],[100.51025,13.70456],[100.51135,13.70347],[100.51135,13.70346],[100.51059,13.70266],[100.51093,13.70233],[100.51069,13.70203],[100.51068,13.70193],[100.5103,13.70153],[100.50961,13.70213],[100.50961,13.70216],[100.50942,13.70234],[100.50911,13.70265],[100.50847,13.70193],[100.50787,13.70259],[100.50814,13.70283],[100.50784,13.70303],[100.50783,13.70314],[100.50794,13.70328]]]}},{"type":"Feature","properties":{"name":"วัดลาดบัวขาว","type":"ชุมชนแออัด","district":"เขตบางคอแหลม","subdistrict":"บางคอแหลม","lat":13.700947,"lng":100.497657},"geometry":{"type":"Polygon","coordinates":[[[100.49765,13.70049],[100.49629,13.70066],[100.49636,13.70096],[100.49661,13.70136],[100.49693,13.70174],[100.49731,13.70145],[100.49754,13.70168],[100.49801,13.70143],[100.49765,13.70049]]]}},{"type":"Feature","properties":{"name":"สวนหลวง 1","type":"ชุมชนแออัด","district":"เขตบางคอแหลม","subdistrict":"บางคอแหลม","lat":13.699509,"lng":100.503969},"geometry":{"type":"Polygon","coordinates":[[[100.5046,13.69958],[100.50436,13.69945],[100.50431,13.69939],[100.50418,13.69933],[100.50417,13.69935],[100.50367,13.69908],[100.50354,13.69927],[100.50346,13.69945],[100.50325,13.69991],[100.50311,13.70024],[100.50288,13.70069],[100.50275,13.70059],[100.50275,13.70059],[100.50269,13.70057],[100.50267,13.70058],[100.50265,13.70059],[100.50265,13.7006],[100.50257,13.70064],[100.50246,13.7007],[100.50243,13.70065],[100.50216,13.70081],[100.5021,13.70075],[100.50178,13.70083],[100.50181,13.70091],[100.5018,13.70091],[100.50172,13.70094],[100.50171,13.70094],[100.50172,13.70096],[100.50167,13.70099],[100.50164,13.70098],[100.50159,13.70103],[100.50161,13.70105],[100.50168,13.70111],[100.50177,13.70118],[100.50199,13.7014],[100.50204,13.70147],[100.50209,13.70149],[100.50253,13.70187],[100.50287,13.70159],[100.50311,13.70189],[100.50357,13.70155],[100.50358,13.70156],[100.50363,13.70161],[100.50367,13.70159],[100.50375,13.70153],[100.50378,13.70151],[100.50384,13.70147],[100.50395,13.70139],[100.50409,13.70126],[100.50415,13.70122],[100.50409,13.70113],[100.50407,13.7011],[100.50424,13.701],[100.50449,13.70045],[100.50469,13.7005],[100.50473,13.70052],[100.50475,13.70051],[100.50503,13.70061],[100.50529,13.7004],[100.50523,13.70031],[100.50521,13.70027],[100.50517,13.70022],[100.50513,13.70017],[100.50509,13.70012],[100.50501,13.7],[100.50484,13.69979],[100.50476,13.69968],[100.50471,13.69965],[100.50468,13.69962],[100.50466,13.69962],[100.5046,13.69958]]]}},{"type":"Feature","properties":{"name":"หลังตลาดเก่าวัดพระยาไกร","type":"ชุมชนแออัด","district":"เขตบางคอแหลม","subdistrict":"วัดพระยาไกร","lat":13.704231,"lng":100.502287},"geometry":{"type":"Polygon","coordinates":[[[100.50252,13.70217],[100.50207,13.70177],[100.50194,13.70181],[100.50177,13.70193],[100.50167,13.70173],[100.50076,13.70216],[100.50049,13.70235],[100.50135,13.70316],[100.50255,13.70219],[100.50252,13.70217]]]}},{"type":"Feature","properties":{"name":"ชาววัดม่วง","type":"ชุมชนแออัด","district":"เขตบางแค","subdistrict":"หลักสอง","lat":13.694276,"lng":100.392066},"geometry":{"type":"Polygon","coordinates":[[[100.39117,13.69408],[100.39115,13.69406],[100.39112,13.69415],[100.39114,13.69416],[100.39106,13.69443],[100.39102,13.69443],[100.39101,13.69447],[100.39102,13.69447],[100.39104,13.69448],[100.39091,13.69489],[100.39317,13.69564],[100.39356,13.69312],[100.39229,13.69257],[100.39227,13.69255],[100.39206,13.69245],[100.39171,13.69231],[100.39117,13.69408]]]}},{"type":"Feature","properties":{"name":"บ้านขิง","type":"ชุมชนเมือง","district":"เขตบางแค","subdistrict":"หลักสอง","lat":13.68986,"lng":100.382834},"geometry":{"type":"Polygon","coordinates":[[[100.38227,13.68854],[100.38191,13.68919],[100.38136,13.69153],[100.38655,13.69334],[100.3871,13.68877],[100.38527,13.68838],[100.3853,13.68791],[100.38446,13.68782],[100.38355,13.68739],[100.38252,13.68686],[100.38227,13.68854]]]}},{"type":"Feature","properties":{"name":"ปู่เย็น ย่าคำ ยังอยู่","type":"ชุมชนแออัด","district":"เขตบางแค","subdistrict":"หลักสอง","lat":13.703942,"lng":100.384876},"geometry":{"type":"Polygon","coordinates":[[[100.38504,13.70558],[100.38513,13.70448],[100.386,13.70463],[100.38643,13.70253],[100.38651,13.70252],[100.38655,13.70238],[100.38344,13.7018],[100.38302,13.70419],[100.38327,13.70424],[100.38318,13.70471],[100.38436,13.70492],[100.38434,13.70559],[100.38504,13.70558]]]}},{"type":"Feature","properties":{"name":"ริมคลองราชมนตรี","type":"ชุมชนแออัด","district":"เขตบางแค","subdistrict":"บางแคเหนือ","lat":13.715639,"lng":100.424964},"geometry":{"type":"Polygon","coordinates":[[[100.42484,13.71532],[100.42505,13.71533],[100.42523,13.71532],[100.42549,13.71527],[100.4257,13.71522],[100.42578,13.71358],[100.42584,13.7129],[100.42528,13.71283],[100.42527,13.71323],[100.42484,13.7132],[100.42484,13.71361],[100.42483,13.71361],[100.42482,13.71375],[100.42481,13.71387],[100.42481,13.71398],[100.42481,13.71398],[100.42482,13.71399],[100.42482,13.71403],[100.42481,13.71403],[100.4248,13.71408],[100.42482,13.71408],[100.42481,13.7142],[100.42482,13.71428],[100.42482,13.71444],[100.42481,13.71444],[100.42482,13.71462],[100.42482,13.71474],[100.42483,13.71496],[100.42484,13.71496],[100.42484,13.71532]]]}},{"type":"Feature","properties":{"name":"วัดพรหมสุวรรณสามัคคี","type":"ชุมชนชานเมือง","district":"เขตบางแค","subdistrict":"บางไผ่","lat":13.728591,"lng":100.368218},"geometry":{"type":"Polygon","coordinates":[[[100.36965,13.72744],[100.36967,13.72703],[100.36968,13.72674],[100.36492,13.72628],[100.36401,13.72826],[100.36403,13.72871],[100.36414,13.72896],[100.36413,13.7299],[100.36493,13.72998],[100.36495,13.73002],[100.36503,13.73003],[100.36503,13.72999],[100.36585,13.73008],[100.36621,13.73007],[100.36896,13.73036],[100.36906,13.73178],[100.37002,13.73173],[100.36985,13.72908],[100.36978,13.72853],[100.36954,13.72853],[100.36953,13.72815],[100.36953,13.72788],[100.3697,13.72786],[100.36965,13.72744]]]}},{"type":"Feature","properties":{"name":"ซอยประดู่","type":"ชุมชนแออัด","district":"เขตบางซื่อ","subdistrict":"บางซื่อ","lat":13.80043,"lng":100.527294},"geometry":{"type":"Polygon","coordinates":[[[100.528,13.7989],[100.528,13.7989],[100.52796,13.79888],[100.52756,13.7988],[100.52719,13.79871],[100.52691,13.79872],[100.52668,13.7988],[100.52637,13.799],[100.52636,13.79923],[100.52616,13.79927],[100.52623,13.79989],[100.52628,13.80022],[100.52674,13.80025],[100.52713,13.80025],[100.52743,13.80027],[100.5276,13.80029],[100.52775,13.80031],[100.52829,13.80035],[100.52855,13.80036],[100.52847,13.79979],[100.52874,13.79975],[100.52872,13.79955],[100.52844,13.79958],[100.52829,13.7996],[100.52828,13.79957],[100.52823,13.7992],[100.5282,13.79901],[100.52815,13.79901],[100.52816,13.79891],[100.528,13.7989]]]}},{"type":"Feature","properties":{"name":"บ้านพักรถไฟก่อสร้าง","type":"ชุมชนแออัด","district":"เขตบางซื่อ","subdistrict":"บางซื่อ","lat":13.81017,"lng":100.540503},"geometry":{"type":"Polygon","coordinates":[[[100.53849,13.80864],[100.53819,13.80876],[100.53866,13.80967],[100.53932,13.81076],[100.54011,13.81074],[100.54158,13.81091],[100.54158,13.81078],[100.54145,13.81037],[100.541,13.80929],[100.54051,13.80753],[100.53931,13.80802],[100.53899,13.8083],[100.53849,13.80864]]]}},{"type":"Feature","properties":{"name":"กลางนา","type":"ชุมชนแออัด","district":"เขตบางนา","subdistrict":"บางนา","lat":13.666614,"lng":100.596419},"geometry":{"type":"Polygon","coordinates":[[[100.59632,13.66477],[100.59614,13.66438],[100.59546,13.66456],[100.59579,13.66557],[100.59608,13.66644],[100.59618,13.66679],[100.59637,13.66734],[100.59663,13.66814],[100.59722,13.66795],[100.59702,13.66724],[100.59704,13.66723],[100.59699,13.66707],[100.59697,13.66707],[100.59632,13.66477]]]}},{"type":"Feature","properties":{"name":"นิติบุคคลอาคารชุด เคหะชุมชนบางนา 2","type":"ชุมชนอาคารสูง","district":"เขตบางนา","subdistrict":"บางนา","lat":13.665093,"lng":100.641407},"geometry":{"type":"Polygon","coordinates":[[[100.64025,13.66325],[100.64122,13.66313],[100.64045,13.661],[100.63998,13.66107],[100.64004,13.66148],[100.63965,13.66156],[100.64025,13.66325]]]}},{"type":"Feature","properties":{"name":"บัวเกิด","type":"ชุมชนเมือง","district":"เขตบางนา","subdistrict":"บางนา","lat":13.673289,"lng":100.616905},"geometry":{"type":"Polygon","coordinates":[[[100.61578,13.67189],[100.61535,13.67197],[100.61517,13.67201],[100.61458,13.67217],[100.61459,13.67218],[100.61467,13.67227],[100.61518,13.6726],[100.61468,13.67326],[100.61499,13.6735],[100.61474,13.67375],[100.6165,13.67523],[100.61649,13.67524],[100.61676,13.67549],[100.61694,13.67561],[100.61701,13.6755],[100.61699,13.67548],[100.619,13.67308],[100.61951,13.67227],[100.6183,13.67158],[100.6181,13.67141],[100.61768,13.67148],[100.61586,13.67191],[100.61578,13.67189]]]}},{"type":"Feature","properties":{"name":"พูนสิน","type":"ชุมชนเมือง","district":"เขตบางนา","subdistrict":"บางนา","lat":13.680915,"lng":100.605218},"geometry":{"type":"Polygon","coordinates":[[[100.60573,13.68079],[100.60542,13.68063],[100.60542,13.68061],[100.60479,13.68022],[100.60441,13.68005],[100.60411,13.68091],[100.60464,13.68106],[100.6048,13.68121],[100.60601,13.68191],[100.6068,13.68234],[100.60718,13.68222],[100.60749,13.68188],[100.60655,13.68128],[100.60621,13.68107],[100.606,13.68093],[100.60592,13.6809],[100.60573,13.68079]]]}},{"type":"Feature","properties":{"name":"รุ่งเรือง","type":"ชุมชนแออัด","district":"เขตบางนา","subdistrict":"บางนา","lat":13.678383,"lng":100.612164},"geometry":{"type":"Polygon","coordinates":[[[100.61228,13.67754],[100.61265,13.67752],[100.61267,13.67752],[100.61277,13.67752],[100.61286,13.67752],[100.61292,13.67752],[100.61295,13.67752],[100.61301,13.67752],[100.61301,13.67751],[100.61305,13.67751],[100.61312,13.67751],[100.61312,13.6775],[100.61314,13.6775],[100.61322,13.6775],[100.61322,13.67748],[100.61339,13.67747],[100.61349,13.67748],[100.61349,13.67747],[100.61392,13.67744],[100.61411,13.6774],[100.61377,13.67697],[100.61331,13.67644],[100.61285,13.67652],[100.61284,13.67651],[100.61272,13.67654],[100.61269,13.67655],[100.61272,13.67677],[100.61227,13.67685],[100.61225,13.67683],[100.61227,13.67719],[100.61109,13.67723],[100.61108,13.67756],[100.6122,13.67757],[100.61228,13.67754]]]}},{"type":"Feature","properties":{"name":"รุ่งสว่าง","type":"ชุมชนเมือง","district":"เขตบางนา","subdistrict":"บางนา","lat":13.667979,"lng":100.594509},"geometry":{"type":"Polygon","coordinates":[[[100.59451,13.66785],[100.59392,13.66802],[100.59353,13.66816],[100.59371,13.66888],[100.59409,13.67026],[100.59443,13.67016],[100.59417,13.66924],[100.59504,13.66901],[100.59492,13.66863],[100.59584,13.66835],[100.59634,13.66818],[100.59636,13.66798],[100.5958,13.66814],[100.59563,13.66766],[100.59531,13.66775],[100.59528,13.66766],[100.59487,13.66776],[100.59486,13.66774],[100.59477,13.66776],[100.59477,13.66778],[100.59451,13.66785]]]}},{"type":"Feature","properties":{"name":"สยามคอนโด 2","type":"ชุมชนอาคารสูง","district":"เขตบางนา","subdistrict":"บางนา","lat":13.673264,"lng":100.62594},"geometry":{"type":"Polygon","coordinates":[[[100.6253,13.67333],[100.62554,13.67348],[100.62566,13.6733],[100.62542,13.67314],[100.62537,13.67321],[100.6253,13.67333]]]}},{"type":"Feature","properties":{"name":"หมู่บ้านซอยเชลียง 1","type":"ชุมชนเมือง","district":"เขตบางนา","subdistrict":"บางนา","lat":13.672247,"lng":100.629439},"geometry":{"type":"Polygon","coordinates":[[[100.62897,13.66985],[100.62877,13.66935],[100.62633,13.66984],[100.62474,13.67013],[100.62237,13.67061],[100.62241,13.67087],[100.62241,13.67089],[100.62234,13.67108],[100.62271,13.67136],[100.62372,13.67175],[100.62504,13.67234],[100.62375,13.67418],[100.62754,13.67661],[100.62751,13.67666],[100.62774,13.67682],[100.62802,13.67645],[100.62838,13.67592],[100.62843,13.67585],[100.62924,13.67639],[100.62941,13.67613],[100.62968,13.67631],[100.62999,13.67613],[100.63019,13.67642],[100.6305,13.67697],[100.63049,13.67698],[100.63053,13.67706],[100.63054,13.67705],[100.631,13.67787],[100.63127,13.67785],[100.63149,13.67777],[100.63095,13.67689],[100.63116,13.67679],[100.63082,13.67629],[100.63052,13.67586],[100.63051,13.67584],[100.63044,13.67575],[100.63085,13.67585],[100.63089,13.67586],[100.63095,13.67589],[100.63132,13.67567],[100.63137,13.67556],[100.6316,13.67556],[100.63163,13.6748],[100.63167,13.6748],[100.63169,13.67453],[100.63171,13.6744],[100.63164,13.6744],[100.63168,13.67349],[100.63165,13.67347],[100.63166,13.67342],[100.63168,13.67341],[100.63169,13.67302],[100.63173,13.67278],[100.63173,13.67274],[100.63171,13.67274],[100.63165,13.67273],[100.6317,13.67239],[100.63176,13.67221],[100.6318,13.67176],[100.63189,13.67177],[100.63191,13.6711],[100.6319,13.67107],[100.63189,13.67105],[100.6319,13.67097],[100.63198,13.67073],[100.63199,13.67062],[100.63201,13.67037],[100.63192,13.67037],[100.6319,13.67036],[100.63193,13.67011],[100.63195,13.67011],[100.63197,13.66992],[100.6321,13.66993],[100.63203,13.66968],[100.63199,13.66968],[100.63176,13.6697],[100.6317,13.66969],[100.63159,13.66971],[100.63158,13.66971],[100.6316,13.66978],[100.63162,13.66978],[100.63165,13.66988],[100.63117,13.66978],[100.63098,13.66978],[100.63091,13.66977],[100.63067,13.66976],[100.63063,13.67011],[100.63055,13.67011],[100.62897,13.66985]]]}},{"type":"Feature","properties":{"name":"คลองบางพรานพัฒนา","type":"ชุมชนแออัด","district":"เขตบางบอน","subdistrict":"บางบอน","lat":13.684578,"lng":100.436377},"geometry":{"type":"MultiPolygon","coordinates":[[[[100.43645,13.68627],[100.437,13.6865],[100.438,13.68509],[100.43756,13.68483],[100.43755,13.68483],[100.43737,13.68506],[100.43739,13.68507],[100.43727,13.68524],[100.43711,13.68547],[100.43697,13.68566],[100.43693,13.68564],[100.43645,13.68627]]],[[[100.43864,13.6854],[100.43807,13.68507],[100.43779,13.68545],[100.43833,13.68575],[100.43864,13.6854]]],[[[100.43588,13.68572],[100.4358,13.68581],[100.43622,13.68607],[100.43626,13.68601],[100.43623,13.68599],[100.43613,13.68594],[100.43614,13.68592],[100.43588,13.68572]]]]}},{"type":"Feature","properties":{"name":"ซอยกำนันแม้น 13","type":"ชุมชนเมือง","district":"เขตบางบอน","subdistrict":"บางบอน","lat":13.690419,"lng":100.437113},"geometry":{"type":"Polygon","coordinates":[[[100.43762,13.69128],[100.43888,13.69216],[100.43973,13.69116],[100.43952,13.691],[100.43951,13.691],[100.43942,13.69094],[100.43943,13.69093],[100.43934,13.69086],[100.43919,13.69076],[100.43916,13.69081],[100.43882,13.69058],[100.43887,13.69052],[100.43875,13.69042],[100.43876,13.6904],[100.43866,13.6903],[100.43864,13.69032],[100.43858,13.69027],[100.43851,13.69034],[100.43782,13.68987],[100.43713,13.68941],[100.43717,13.68937],[100.43734,13.68919],[100.43741,13.68908],[100.43713,13.68881],[100.43699,13.6887],[100.43597,13.69032],[100.43629,13.69054],[100.43527,13.692],[100.43558,13.69222],[100.43568,13.69228],[100.43577,13.69233],[100.43581,13.69234],[100.43585,13.69237],[100.43617,13.69257],[100.43613,13.69265],[100.43633,13.6928],[100.43694,13.69193],[100.437,13.69197],[100.43701,13.69196],[100.4371,13.69202],[100.43762,13.69128]],[[100.43888,13.69216],[100.43886,13.69218],[100.43888,13.69216],[100.43888,13.69216]]]}},{"type":"Feature","properties":{"name":"ริมคลองพระยาราชมนตรี หมู่ 9","type":"ชุมชนแออัด","district":"เขตบางบอน","subdistrict":"บางบอน","lat":13.686235,"lng":100.428228},"geometry":{"type":"Polygon","coordinates":[[[100.42836,13.68647],[100.42849,13.68616],[100.4286,13.68618],[100.42867,13.68599],[100.42858,13.68597],[100.42855,13.68597],[100.42871,13.68549],[100.42876,13.68541],[100.42881,13.68542],[100.42888,13.68544],[100.4289,13.68537],[100.42896,13.68521],[100.42909,13.68484],[100.42907,13.68482],[100.42913,13.68467],[100.42823,13.68426],[100.42823,13.68425],[100.42819,13.6845],[100.42811,13.68483],[100.42803,13.68527],[100.42797,13.68607],[100.42793,13.68632],[100.42836,13.68647]]]}},{"type":"Feature","properties":{"name":"สถานีรางโพธิ์","type":"ชุมชนชานเมือง","district":"เขตบางบอน","subdistrict":"บางบอน","lat":13.64013,"lng":100.395111},"geometry":{"type":"MultiPolygon","coordinates":[[[[100.39504,13.63903],[100.3954,13.63881],[100.3954,13.63871],[100.39551,13.63861],[100.39561,13.63863],[100.39584,13.63809],[100.39443,13.63681],[100.39407,13.63735],[100.39463,13.63831],[100.39463,13.63872],[100.39458,13.63874],[100.39451,13.63893],[100.39454,13.63903],[100.39449,13.63917],[100.39414,13.63983],[100.39465,13.64017],[100.39474,13.64024],[100.39534,13.63951],[100.39526,13.63928],[100.39504,13.63903]]],[[[100.39909,13.63996],[100.39639,13.63757],[100.39591,13.63808],[100.39637,13.63847],[100.39776,13.63935],[100.39782,13.63941],[100.39865,13.6402],[100.39909,13.63996]]],[[[100.39491,13.64161],[100.39491,13.64159],[100.39469,13.64475],[100.39526,13.64479],[100.3953,13.64167],[100.39491,13.64161]]],[[[100.39372,13.63529],[100.39343,13.63517],[100.3932,13.6372],[100.39372,13.63719],[100.39395,13.63639],[100.39372,13.63529]]],[[[100.40115,13.64193],[100.40039,13.64122],[100.4002,13.6421],[100.40111,13.6422],[100.40115,13.64193]]]]}},{"type":"Feature","properties":{"name":"คลองมะนาว","type":"ชุมชนแออัด","district":"เขตบางพลัด","subdistrict":"บางอ้อ","lat":13.794327,"lng":100.501922},"geometry":{"type":"Polygon","coordinates":[[[100.49871,13.79633],[100.49932,13.79598],[100.49958,13.79563],[100.50009,13.7954],[100.50202,13.79435],[100.50204,13.79438],[100.50215,13.79458],[100.50207,13.79463],[100.50263,13.79559],[100.5032,13.79527],[100.50317,13.7952],[100.50332,13.7951],[100.50362,13.79547],[100.50407,13.79509],[100.50407,13.79503],[100.50449,13.79465],[100.50517,13.79402],[100.50494,13.79375],[100.50502,13.79279],[100.50472,13.79249],[100.50371,13.79341],[100.50342,13.79312],[100.50295,13.79339],[100.50239,13.79271],[100.50102,13.79337],[100.50055,13.79363],[100.50035,13.79382],[100.50004,13.79388],[100.49998,13.79394],[100.49974,13.79415],[100.4994,13.79433],[100.49906,13.79451],[100.49895,13.79461],[100.49872,13.79496],[100.49807,13.79543],[100.49871,13.79633]]]}},{"type":"Feature","properties":{"name":"พัฒนาซอย 85","type":"ชุมชนแออัด","district":"เขตบางพลัด","subdistrict":"บางอ้อ","lat":13.79774,"lng":100.501245},"geometry":{"type":"Polygon","coordinates":[[[100.50159,13.79659],[100.50115,13.79664],[100.50095,13.79671],[100.50089,13.7968],[100.50067,13.79681],[100.4998,13.79715],[100.49812,13.79821],[100.49863,13.79904],[100.49857,13.79931],[100.50081,13.80019],[100.50089,13.79999],[100.50157,13.79969],[100.50205,13.79957],[100.50197,13.79925],[100.50203,13.79923],[100.50184,13.79858],[100.50244,13.79841],[100.50241,13.79836],[100.50221,13.79844],[100.50209,13.79806],[100.50219,13.79803],[100.50159,13.79659]],[[100.50159,13.79659],[100.50159,13.79659],[100.50159,13.79659],[100.50159,13.79659]]]}},{"type":"Feature","properties":{"name":"มะพร้าวคู่","type":"ชุมชนแออัด","district":"เขตบางพลัด","subdistrict":"บางบำหรุ","lat":13.781899,"lng":100.484819},"geometry":{"type":"Polygon","coordinates":[[[100.48505,13.7838],[100.48565,13.78357],[100.48544,13.78316],[100.48274,13.7845],[100.48187,13.78495],[100.48008,13.7858],[100.48028,13.78632],[100.48059,13.7867],[100.48349,13.78526],[100.48355,13.78537],[100.48435,13.78499],[100.48422,13.78471],[100.48414,13.78457],[100.4851,13.78414],[100.48519,13.78411],[100.48518,13.78406],[100.48505,13.7838]]]}},{"type":"Feature","properties":{"name":"ร่วมพัฒนาซอยจรัญฯ 65","type":"ชุมชนเมือง","district":"เขตบางพลัด","subdistrict":"บางบำหรุ","lat":13.783863,"lng":100.488787},"geometry":{"type":"Polygon","coordinates":[[[100.48622,13.78641],[100.48617,13.78644],[100.48629,13.78676],[100.48665,13.78664],[100.48659,13.78646],[100.487,13.78635],[100.48688,13.78592],[100.48723,13.78582],[100.48803,13.7856],[100.48786,13.78512],[100.48759,13.78427],[100.48759,13.78428],[100.48717,13.78439],[100.48594,13.78471],[100.48596,13.7848],[100.48599,13.78486],[100.48596,13.78487],[100.48575,13.78495],[100.48587,13.78526],[100.48532,13.78549],[100.48505,13.78559],[100.48464,13.78576],[100.48463,13.78575],[100.48458,13.78578],[100.48454,13.78579],[100.48447,13.78582],[100.48448,13.78584],[100.48427,13.78593],[100.48405,13.786],[100.48404,13.78597],[100.48402,13.78596],[100.48394,13.78599],[100.48395,13.78604],[100.48384,13.7861],[100.48354,13.78624],[100.48367,13.78655],[100.48373,13.78653],[100.48387,13.78684],[100.48419,13.78671],[100.48464,13.78653],[100.48547,13.78622],[100.48599,13.78602],[100.48598,13.78601],[100.48611,13.78596],[100.48611,13.78597],[100.4863,13.7859],[100.4864,13.78618],[100.48624,13.78625],[100.4863,13.78636],[100.48624,13.78639],[100.48624,13.7864],[100.48622,13.78641]]]}},{"type":"Feature","properties":{"name":"วัดบวรมงคล","type":"ชุมชนแออัด","district":"เขตบางพลัด","subdistrict":"บางยี่ขัน","lat":13.77627,"lng":100.49702},"geometry":{"type":"Polygon","coordinates":[[[100.49679,13.77348],[100.49666,13.7735],[100.49644,13.77354],[100.49613,13.77362],[100.49584,13.77376],[100.49546,13.77397],[100.49518,13.77412],[100.49527,13.77435],[100.49525,13.77431],[100.49454,13.77464],[100.49448,13.77473],[100.49387,13.77501],[100.49189,13.77594],[100.49227,13.77674],[100.49258,13.77667],[100.49263,13.7767],[100.49264,13.77669],[100.49291,13.77726],[100.49302,13.77722],[100.4929,13.77689],[100.49289,13.77681],[100.49292,13.77677],[100.49434,13.77603],[100.49469,13.77669],[100.49542,13.77638],[100.49549,13.77652],[100.49579,13.7764],[100.49571,13.77622],[100.49649,13.77587],[100.49755,13.77576],[100.4981,13.77573],[100.49845,13.77561],[100.49814,13.77481],[100.49795,13.77424],[100.49799,13.77421],[100.49797,13.77417],[100.49794,13.77404],[100.49771,13.77326],[100.49767,13.77313],[100.4976,13.77296],[100.49741,13.77304],[100.49679,13.77348]]]}},{"type":"Feature","properties":{"name":"วัดภคินีนาถ","type":"ชุมชนแออัด","district":"เขตบางพลัด","subdistrict":"บางยี่ขัน","lat":13.78068,"lng":100.500068},"geometry":{"type":"Polygon","coordinates":[[[100.49654,13.78187],[100.49662,13.78182],[100.49661,13.78179],[100.49758,13.7814],[100.4976,13.78144],[100.49832,13.78114],[100.49833,13.78116],[100.49895,13.78092],[100.49942,13.78076],[100.49918,13.7802],[100.49921,13.78013],[100.49973,13.77985],[100.49964,13.77968],[100.49968,13.77966],[100.49959,13.77949],[100.49999,13.77931],[100.49962,13.77854],[100.49958,13.77854],[100.49955,13.77854],[100.4995,13.77855],[100.49931,13.7786],[100.49898,13.7787],[100.49894,13.77873],[100.49874,13.77877],[100.49856,13.77882],[100.49829,13.77892],[100.49794,13.77907],[100.49759,13.77921],[100.49746,13.77927],[100.49662,13.77946],[100.49635,13.77954],[100.49634,13.77954],[100.4966,13.7802],[100.49575,13.78052],[100.49592,13.78094],[100.49565,13.78105],[100.49566,13.78109],[100.49565,13.78105],[100.49573,13.78125],[100.49582,13.78136],[100.49596,13.78129],[100.49601,13.7814],[100.49612,13.78135],[100.49607,13.78122],[100.49605,13.78116],[100.49605,13.78116],[100.49605,13.78116],[100.49624,13.78107],[100.49624,13.78107],[100.49625,13.78107],[100.4963,13.78118],[100.49635,13.78125],[100.49634,13.78126],[100.49635,13.78126],[100.49616,13.78136],[100.49603,13.78144],[100.49604,13.78146],[100.49609,13.78157],[100.4961,13.78159],[100.49623,13.78153],[100.49627,13.7816],[100.49633,13.78159],[100.49637,13.78167],[100.49639,13.78168],[100.49648,13.7819],[100.49654,13.78187]]]}},{"type":"Feature","properties":{"name":"วัดรวกบางบำหรุ","type":"ชุมชนแออัด","district":"เขตบางพลัด","subdistrict":"บางบำหรุ","lat":13.783535,"lng":100.481387},"geometry":{"type":"Polygon","coordinates":[[[100.48171,13.78293],[100.48173,13.78297],[100.48171,13.78298],[100.48176,13.78306],[100.48177,13.78305],[100.48189,13.78327],[100.48196,13.78323],[100.48198,13.78324],[100.48204,13.78336],[100.48214,13.78354],[100.48207,13.78357],[100.48208,13.78359],[100.48211,13.78364],[100.48213,13.78364],[100.48214,13.78365],[100.48218,13.78375],[100.48215,13.78377],[100.48237,13.78417],[100.48103,13.78486],[100.48125,13.78523],[100.48316,13.78426],[100.48407,13.7838],[100.48519,13.78324],[100.48539,13.78312],[100.48548,13.783],[100.48549,13.78286],[100.48548,13.78273],[100.48543,13.78257],[100.48531,13.78215],[100.48512,13.78139],[100.4851,13.7813],[100.48505,13.7812],[100.48497,13.78082],[100.48448,13.78097],[100.48437,13.78101],[100.48393,13.78136],[100.48393,13.78137],[100.48351,13.78174],[100.4832,13.78134],[100.48252,13.78187],[100.48183,13.7822],[100.48141,13.78243],[100.48171,13.78293]]]}},{"type":"Feature","properties":{"name":"ซอยพระนคเรศ","type":"ชุมชนเมือง","district":"เขตบางรัก","subdistrict":"มหาพฤฒาราม","lat":13.735084,"lng":100.521975},"geometry":{"type":"Polygon","coordinates":[[[100.52242,13.73518],[100.52278,13.73504],[100.52279,13.73503],[100.52271,13.73489],[100.52172,13.73418],[100.52142,13.73395],[100.52128,13.73412],[100.52109,13.73397],[100.5211,13.73395],[100.52095,13.73384],[100.52081,13.73361],[100.52064,13.73372],[100.52068,13.73386],[100.52056,13.73399],[100.52082,13.73418],[100.52072,13.73429],[100.52103,13.73455],[100.52102,13.73457],[100.52114,13.73465],[100.52125,13.73473],[100.52138,13.73462],[100.52147,13.7345],[100.52147,13.7345],[100.52242,13.73518]]]}},{"type":"Feature","properties":{"name":"ซอยพิพัฒน์ 2","type":"ชุมชนแออัด","district":"เขตบางรัก","subdistrict":"สีลม","lat":13.725547,"lng":100.532274},"geometry":{"type":"Polygon","coordinates":[[[100.53232,13.72489],[100.53187,13.72587],[100.53164,13.72643],[100.53261,13.72683],[100.53279,13.72689],[100.53299,13.72641],[100.53335,13.72559],[100.53346,13.72539],[100.53232,13.72489]]]}},{"type":"Feature","properties":{"name":"ซอยวัดม่วงแคมัสยิดฮารูณ","type":"ชุมชนเมือง","district":"เขตบางรัก","subdistrict":"บางรัก","lat":13.725354,"lng":100.515425},"geometry":{"type":"Polygon","coordinates":[[[100.51374,13.72533],[100.51367,13.72532],[100.51366,13.72549],[100.51374,13.7255],[100.51374,13.72583],[100.51365,13.72584],[100.51367,13.72635],[100.51535,13.72654],[100.51567,13.72657],[100.51568,13.72632],[100.51545,13.72631],[100.51549,13.72592],[100.51569,13.72592],[100.51572,13.72549],[100.51574,13.72546],[100.51575,13.72545],[100.51577,13.72527],[100.5158,13.72512],[100.51503,13.72498],[100.51436,13.72492],[100.51435,13.72482],[100.51434,13.72481],[100.51382,13.72478],[100.51381,13.72487],[100.51377,13.72488],[100.51375,13.72514],[100.51374,13.72533]]]}},{"type":"Feature","properties":{"name":"ข้างหมู่บ้านสหกรณ์ (โต๊ะบางอุปถัมภ์)","type":"ชุมชนแออัด","district":"เขตบึงกุ่ม","subdistrict":"คลองกุ่ม","lat":13.8003,"lng":100.668655},"geometry":{"type":"Polygon","coordinates":[[[100.67365,13.79463],[100.67267,13.7944],[100.67216,13.79611],[100.67286,13.79635],[100.67272,13.79682],[100.67243,13.79674],[100.67236,13.79695],[100.67268,13.79706],[100.67301,13.79719],[100.67325,13.79672],[100.67343,13.7964],[100.6735,13.79615],[100.67359,13.79536],[100.67365,13.79463]]]}},{"type":"Feature","properties":{"name":"ซอยรอดอนันต์ 1","type":"ชุมชนแออัด","district":"เขตบึงกุ่ม","subdistrict":"คลองกุ่ม","lat":13.774601,"lng":100.655333},"geometry":{"type":"Polygon","coordinates":[[[100.65488,13.77484],[100.65474,13.77484],[100.65456,13.77484],[100.65449,13.77517],[100.65438,13.77547],[100.6543,13.77574],[100.65422,13.77598],[100.65417,13.776],[100.65407,13.77608],[100.65403,13.77644],[100.65487,13.77723],[100.65483,13.77749],[100.65478,13.77753],[100.65475,13.77758],[100.65465,13.77779],[100.65442,13.77822],[100.65463,13.77831],[100.65459,13.77877],[100.65458,13.77902],[100.65462,13.7792],[100.65476,13.77959],[100.6549,13.78003],[100.65493,13.7801],[100.65501,13.78011],[100.65685,13.77922],[100.65675,13.77884],[100.6566,13.77838],[100.65652,13.77796],[100.65647,13.77762],[100.65652,13.77749],[100.65655,13.77745],[100.65644,13.77711],[100.65621,13.77657],[100.65619,13.77636],[100.65614,13.7761],[100.65602,13.77587],[100.65596,13.77574],[100.65593,13.77555],[100.65596,13.77553],[100.65593,13.7754],[100.65583,13.77532],[100.65573,13.77523],[100.65568,13.77521],[100.65561,13.77515],[100.65562,13.77514],[100.65538,13.77492],[100.65526,13.77479],[100.65521,13.77475],[100.65519,13.77477],[100.65515,13.77479],[100.65505,13.7749],[100.65499,13.77497],[100.65488,13.77484]]]}},{"type":"Feature","properties":{"name":"วัดพิชัย","type":"ชุมชนแออัด","district":"เขตบึงกุ่ม","subdistrict":"คลองกุ่ม","lat":13.773209,"lng":100.657278},"geometry":{"type":"Polygon","coordinates":[[[100.65688,13.77395],[100.6573,13.77422],[100.65733,13.77419],[100.65781,13.77382],[100.65806,13.77363],[100.65765,13.77336],[100.65801,13.77285],[100.65833,13.77238],[100.65837,13.77229],[100.65847,13.7722],[100.65855,13.77205],[100.65779,13.77163],[100.65771,13.77179],[100.6576,13.7721],[100.65746,13.77247],[100.65739,13.77267],[100.65723,13.77303],[100.657,13.77365],[100.65688,13.77395]]]}},{"type":"Feature","properties":{"name":"สุวรรณประสิทธิ์ 3","type":"ชุมชนแออัด","district":"เขตบึงกุ่ม","subdistrict":"คลองกุ่ม","lat":13.806491,"lng":100.663377},"geometry":{"type":"Polygon","coordinates":[[[100.66452,13.80555],[100.66443,13.80576],[100.66439,13.80577],[100.66437,13.80584],[100.66435,13.80594],[100.66431,13.80603],[100.66422,13.80599],[100.66402,13.80596],[100.66377,13.80646],[100.66402,13.80658],[100.66394,13.80676],[100.66374,13.80715],[100.66347,13.80772],[100.66347,13.80773],[100.66346,13.80775],[100.66304,13.80865],[100.66328,13.80873],[100.66394,13.80741],[100.66415,13.80698],[100.66432,13.80663],[100.66462,13.80604],[100.66481,13.80566],[100.66503,13.8052],[100.66516,13.80494],[100.66528,13.80467],[100.66515,13.80462],[100.66501,13.80457],[100.66483,13.80497],[100.66467,13.80523],[100.66467,13.80528],[100.66463,13.80536],[100.6646,13.80542],[100.6646,13.80545],[100.66454,13.8055],[100.66452,13.80555]]]}},{"type":"Feature","properties":{"name":"หมู่บ้านคลองกุ่มนิเวศน์","type":"ชุมชนเมือง","district":"เขตบึงกุ่ม","subdistrict":"คลองกุ่ม","lat":13.786172,"lng":100.668672},"geometry":{"type":"Polygon","coordinates":[[[100.66373,13.7872],[100.6628,13.78901],[100.66302,13.78926],[100.66324,13.78951],[100.66333,13.78961],[100.66343,13.78972],[100.66372,13.78999],[100.66397,13.79023],[100.66423,13.79055],[100.66447,13.79073],[100.665,13.79105],[100.66521,13.79051],[100.66569,13.79064],[100.6676,13.78714],[100.66815,13.7861],[100.66864,13.78515],[100.66881,13.7848],[100.66861,13.7847],[100.66853,13.7847],[100.66841,13.7847],[100.66806,13.78474],[100.66741,13.78478],[100.66724,13.78484],[100.6671,13.78501],[100.66693,13.78512],[100.66658,13.78509],[100.66604,13.78506],[100.66584,13.78506],[100.66563,13.78509],[100.66544,13.78511],[100.66527,13.78512],[100.66505,13.78511],[100.66485,13.78507],[100.6648,13.78513],[100.66373,13.7872]]]}},{"type":"Feature","properties":{"name":"หมู่บ้านสามัคคี 53","type":"ชุมชนเมือง","district":"เขตบึงกุ่ม","subdistrict":"นวมินทร์","lat":13.805715,"lng":100.64164},"geometry":{"type":"Polygon","coordinates":[[[100.63977,13.80477],[100.63971,13.8049],[100.63965,13.8052],[100.63966,13.80529],[100.6404,13.80553],[100.64034,13.80576],[100.64031,13.80596],[100.64087,13.80609],[100.64104,13.80611],[100.64101,13.80622],[100.64096,13.80621],[100.64094,13.80622],[100.6409,13.80644],[100.64089,13.80667],[100.64147,13.80679],[100.64163,13.80681],[100.6426,13.80692],[100.64272,13.80679],[100.64258,13.80676],[100.6426,13.80633],[100.64435,13.80621],[100.6444,13.80617],[100.64433,13.80569],[100.6445,13.80564],[100.64512,13.80562],[100.64538,13.80559],[100.64609,13.80556],[100.64723,13.8055],[100.64786,13.80546],[100.64765,13.80507],[100.6475,13.80507],[100.64749,13.8051],[100.64614,13.80508],[100.64376,13.80504],[100.64375,13.80451],[100.64364,13.8045],[100.64301,13.80444],[100.64254,13.80435],[100.6421,13.8043],[100.64203,13.80496],[100.6416,13.80483],[100.64137,13.80477],[100.64112,13.8047],[100.64067,13.80455],[100.64064,13.80456],[100.64037,13.80448],[100.64013,13.80443],[100.63997,13.80437],[100.6397,13.80429],[100.6395,13.80423],[100.63925,13.80415],[100.63914,13.80431],[100.63908,13.80437],[100.63905,13.80442],[100.63898,13.80445],[100.63924,13.80459],[100.63927,13.80458],[100.63942,13.80464],[100.63977,13.80477]]]}},{"type":"Feature","properties":{"name":"หมู่บ้านสุวรรณนิเวศน์","type":"ชุมชนเมือง","district":"เขตบึงกุ่ม","subdistrict":"คลองกุ่ม","lat":13.795136,"lng":100.658868},"geometry":{"type":"Polygon","coordinates":[[[100.6625,13.806],[100.66306,13.80603],[100.66308,13.80589],[100.66325,13.8059],[100.66332,13.80518],[100.66339,13.80449],[100.66341,13.80416],[100.66341,13.80355],[100.66348,13.80267],[100.6635,13.80141],[100.66347,13.80086],[100.66347,13.79944],[100.66353,13.79832],[100.66333,13.79815],[100.66321,13.79816],[100.66244,13.79792],[100.662,13.79777],[100.66168,13.7977],[100.6613,13.79758],[100.66132,13.79751],[100.66134,13.79739],[100.66136,13.79724],[100.66138,13.7971],[100.66093,13.79646],[100.66104,13.79635],[100.66139,13.79611],[100.66152,13.79589],[100.66167,13.79559],[100.66173,13.79548],[100.66209,13.79495],[100.66219,13.79476],[100.66191,13.79446],[100.66187,13.79438],[100.66202,13.7942],[100.66075,13.79259],[100.66065,13.7925],[100.66055,13.79235],[100.66044,13.79209],[100.66,13.79165],[100.65888,13.79231],[100.65905,13.79269],[100.6598,13.7938],[100.66049,13.79485],[100.6599,13.79519],[100.65927,13.79545],[100.65953,13.79614],[100.65976,13.79638],[100.66063,13.79802],[100.66066,13.79817],[100.66034,13.79827],[100.66021,13.79837],[100.65988,13.7984],[100.65983,13.79835],[100.65983,13.79815],[100.65883,13.79604],[100.65814,13.79444],[100.65742,13.79285],[100.65711,13.79299],[100.6569,13.7926],[100.65678,13.79268],[100.65653,13.79289],[100.65668,13.7931],[100.65685,13.79331],[100.657,13.79379],[100.65718,13.79433],[100.65727,13.79462],[100.65762,13.79552],[100.65778,13.79606],[100.65789,13.7963],[100.65795,13.79643],[100.65801,13.79665],[100.6577,13.79655],[100.65762,13.7968],[100.65486,13.79606],[100.65469,13.79642],[100.65457,13.79683],[100.65473,13.79703],[100.65486,13.79709],[100.65526,13.79727],[100.65653,13.79773],[100.65631,13.7982],[100.65678,13.79839],[100.65669,13.79856],[100.65732,13.79893],[100.65735,13.79903],[100.65804,13.79973],[100.6589,13.8005],[100.66018,13.80162],[100.66026,13.80198],[100.66057,13.80245],[100.6608,13.80221],[100.66105,13.80249],[100.66111,13.80257],[100.6615,13.8026],[100.66168,13.80267],[100.66236,13.80274],[100.66231,13.80345],[100.66234,13.80398],[100.66255,13.80399],[100.66255,13.80425],[100.66233,13.80424],[100.66208,13.80421],[100.66202,13.80456],[100.66184,13.80542],[100.66253,13.80547],[100.6625,13.806]]]}},{"type":"Feature","properties":{"name":"อัสลามคลองกุ่ม","type":"ชุมชนแออัด","district":"เขตบึงกุ่ม","subdistrict":"คลองกุ่ม","lat":13.781689,"lng":100.674385},"geometry":{"type":"MultiPolygon","coordinates":[[[[100.67209,13.78235],[100.67258,13.78265],[100.67299,13.78292],[100.67323,13.78314],[100.67328,13.78319],[100.6734,13.78303],[100.67335,13.78302],[100.67327,13.78298],[100.67424,13.78113],[100.67432,13.78098],[100.67438,13.7808],[100.67242,13.77974],[100.67222,13.78014],[100.67254,13.78028],[100.67237,13.78057],[100.67176,13.78171],[100.67188,13.78177],[100.67211,13.7819],[100.67214,13.78195],[100.67227,13.78203],[100.67209,13.78235]]],[[[100.67227,13.78272],[100.67206,13.78258],[100.67197,13.78271],[100.67151,13.78347],[100.67142,13.78367],[100.67139,13.78378],[100.67137,13.78381],[100.6711,13.78432],[100.67107,13.78438],[100.67124,13.78447],[100.67156,13.78457],[100.67188,13.78471],[100.67199,13.78477],[100.67222,13.78483],[100.67234,13.78459],[100.67244,13.78438],[100.67247,13.78435],[100.67261,13.78407],[100.67277,13.7838],[100.67293,13.78354],[100.67296,13.78345],[100.67299,13.78342],[100.67303,13.78333],[100.67306,13.78331],[100.67306,13.7833],[100.6729,13.78315],[100.67267,13.78298],[100.67227,13.78272]],[[100.67327,13.78325],[100.67327,13.78325],[100.67327,13.78325],[100.67327,13.78325]],[[100.67327,13.78325],[100.67327,13.78325],[100.67327,13.78325],[100.67327,13.78325]]]]}},{"type":"Feature","properties":{"name":"บ้านครัวใต้","type":"ชุมชนแออัด","district":"เขตปทุมวัน","subdistrict":"รองเมือง","lat":13.74986,"lng":100.523707},"geometry":{"type":"Polygon","coordinates":[[[100.52226,13.74999],[100.5226,13.75075],[100.52331,13.7504],[100.52434,13.74979],[100.52433,13.74977],[100.52407,13.74925],[100.52397,13.74929],[100.52399,13.74953],[100.52371,13.74957],[100.5237,13.7495],[100.52345,13.74954],[100.52347,13.74961],[100.52322,13.74968],[100.52306,13.74975],[100.52271,13.74981],[100.52269,13.74981],[100.52267,13.74981],[100.52264,13.74982],[100.52253,13.74986],[100.52253,13.74988],[100.52253,13.74989],[100.52226,13.74999]]]}},{"type":"Feature","properties":{"name":"วัดบรมนิวาส","type":"ชุมชนแออัด","district":"เขตปทุมวัน","subdistrict":"รองเมือง","lat":13.751268,"lng":100.521071},"geometry":{"type":"Polygon","coordinates":[[[100.52015,13.75126],[100.52038,13.75206],[100.52071,13.75186],[100.521,13.75169],[100.52138,13.75146],[100.52178,13.75121],[100.52161,13.75082],[100.52161,13.75082],[100.52015,13.75126]]]}},{"type":"Feature","properties":{"name":"หลังวัดปทุมวนาราม","type":"ชุมชนแออัด","district":"เขตปทุมวัน","subdistrict":"ปทุมวัน","lat":13.749128,"lng":100.537384},"geometry":{"type":"Polygon","coordinates":[[[100.53653,13.74954],[100.53694,13.74957],[100.53702,13.74956],[100.5378,13.74955],[100.53837,13.74941],[100.53836,13.74917],[100.53834,13.74897],[100.5382,13.74888],[100.53781,13.74883],[100.53741,13.74877],[100.53697,13.74867],[100.5365,13.74866],[100.53653,13.74954]]]}},{"type":"Feature","properties":{"name":"เกาะมุสลิม","type":"ชุมชนแออัด","district":"เขตประเวศ","subdistrict":"ประเวศ","lat":13.717996,"lng":100.676971},"geometry":{"type":"Polygon","coordinates":[[[100.68994,13.72063],[100.69006,13.7194],[100.68898,13.71927],[100.68758,13.71907],[100.68755,13.71959],[100.68753,13.71992],[100.68756,13.72033],[100.68813,13.7204],[100.68994,13.72063]]]}},{"type":"Feature","properties":{"name":"เทพรักษา","type":"ชุมชนแออัด","district":"เขตประเวศ","subdistrict":"ประเวศ","lat":13.717438,"lng":100.670899},"geometry":{"type":"Polygon","coordinates":[[[100.68267,13.71913],[100.68283,13.71917],[100.68281,13.71932],[100.68313,13.71935],[100.68316,13.71923],[100.68318,13.71924],[100.68466,13.71936],[100.68468,13.71876],[100.68472,13.71866],[100.68483,13.71847],[100.68493,13.71815],[100.68419,13.71788],[100.68426,13.71751],[100.68404,13.71747],[100.6841,13.71731],[100.68384,13.7172],[100.68393,13.71697],[100.68369,13.71684],[100.68339,13.71775],[100.68307,13.71767],[100.6827,13.71756],[100.68274,13.71726],[100.68262,13.71723],[100.68277,13.71667],[100.68226,13.71657],[100.68199,13.71752],[100.68241,13.71763],[100.68226,13.71792],[100.68236,13.71813],[100.68238,13.71837],[100.68256,13.71843],[100.68252,13.71893],[100.68267,13.71913]]]}},{"type":"Feature","properties":{"name":"เปรมฤทัย ล๊อค 17","type":"ชุมชนเมือง","district":"เขตประเวศ","subdistrict":"ดอกไม้","lat":13.669481,"lng":100.67168},"geometry":{"type":"Polygon","coordinates":[[[100.67029,13.66909],[100.6707,13.67012],[100.67391,13.66886],[100.6735,13.6678],[100.67172,13.66858],[100.67029,13.66909]],[[100.6707,13.67012],[100.6707,13.67012],[100.6707,13.67012],[100.6707,13.67012]]]}},{"type":"Feature","properties":{"name":"มิตรภาพ ซอย 6","type":"ชุมชนเมือง","district":"เขตประเวศ","subdistrict":"หนองบอน","lat":13.698083,"lng":100.636584},"geometry":{"type":"Polygon","coordinates":[[[100.64493,13.70049],[100.64494,13.70049],[100.64295,13.69996],[100.64266,13.70086],[100.64471,13.70136],[100.64498,13.70048],[100.64494,13.70049],[100.64494,13.70049],[100.64493,13.70049]]]}},{"type":"Feature","properties":{"name":"บ้านบาตร","type":"ชุมชนแออัด","district":"เขตป้อมปราบศัตรูพ่าย","subdistrict":"บ้านบาตร","lat":13.750943,"lng":100.506848},"geometry":{"type":"Polygon","coordinates":[[[100.50531,13.75131],[100.50534,13.75145],[100.50548,13.75142],[100.50563,13.75141],[100.50575,13.7514],[100.50601,13.75134],[100.50601,13.75131],[100.50605,13.75131],[100.50618,13.75128],[100.5063,13.75126],[100.50664,13.75121],[100.50669,13.75105],[100.50659,13.75079],[100.50632,13.75016],[100.50614,13.75022],[100.50612,13.75026],[100.50531,13.75048],[100.50513,13.75052],[100.50516,13.75067],[100.50531,13.75131]]]}},{"type":"Feature","properties":{"name":"มัสยิดมหานาค","type":"ชุมชนแออัด","district":"เขตป้อมปราบศัตรูพ่าย","subdistrict":"คลองมหานาค","lat":13.752959,"lng":100.515871},"geometry":{"type":"Polygon","coordinates":[[[100.51709,13.75304],[100.51701,13.75119],[100.51697,13.75093],[100.51448,13.75204],[100.51481,13.75337],[100.51466,13.75343],[100.51467,13.75355],[100.51709,13.75304]]]}},{"type":"Feature","properties":{"name":"ถวัลย์ศักดิ์","type":"ชุมชนแออัด","district":"เขตพญาไท","subdistrict":"สามเสนใน","lat":13.795775,"lng":100.545545},"geometry":{"type":"Polygon","coordinates":[[[100.54506,13.79582],[100.54503,13.79577],[100.54437,13.7958],[100.54438,13.79587],[100.54361,13.79592],[100.54354,13.79523],[100.54318,13.79528],[100.54328,13.79613],[100.54362,13.79611],[100.54361,13.79595],[100.54435,13.79589],[100.54436,13.79625],[100.5444,13.79626],[100.54443,13.79683],[100.5451,13.79677],[100.54508,13.79628],[100.54553,13.79632],[100.5455,13.79593],[100.54506,13.79593],[100.54506,13.79582]]]}},{"type":"Feature","properties":{"name":"เป็นสุข","type":"ชุมชนแออัด","district":"เขตพญาไท","subdistrict":"สามเสนใน","lat":13.784344,"lng":100.556514},"geometry":{"type":"Polygon","coordinates":[[[100.55631,13.78427],[100.55688,13.78426],[100.55692,13.78389],[100.55675,13.78389],[100.55674,13.78393],[100.55648,13.78394],[100.55648,13.78398],[100.5563,13.78398],[100.55631,13.78427]]]}},{"type":"Feature","properties":{"name":"วัดไผ่ตัน","type":"ชุมชนแออัด","district":"เขตพญาไท","subdistrict":"สามเสนใน","lat":13.795865,"lng":100.547818},"geometry":{"type":"Polygon","coordinates":[[[100.54733,13.79454],[100.54642,13.7945],[100.54642,13.79513],[100.54607,13.79514],[100.54608,13.79562],[100.54638,13.7956],[100.54644,13.79663],[100.5475,13.79653],[100.54871,13.79642],[100.54899,13.79639],[100.54885,13.79553],[100.54847,13.79555],[100.54855,13.79638],[100.54752,13.79648],[100.54742,13.7954],[100.54741,13.79538],[100.54743,13.79538],[100.5474,13.79516],[100.54739,13.79511],[100.54733,13.79454]]]}},{"type":"Feature","properties":{"name":"วัดมะกอก(กลางสวน)","type":"ชุมชนแออัด","district":"เขตพญาไท","subdistrict":"สามเสนใน","lat":13.770893,"lng":100.535315},"geometry":{"type":"Polygon","coordinates":[[[100.53615,13.7696],[100.53481,13.77031],[100.53466,13.77005],[100.53496,13.76987],[100.53529,13.76969],[100.53489,13.76912],[100.53454,13.76944],[100.53409,13.76987],[100.5338,13.77003],[100.53366,13.77012],[100.53355,13.77021],[100.53383,13.77052],[100.53461,13.77007],[100.53476,13.77033],[100.53397,13.77083],[100.53447,13.7716],[100.53473,13.77142],[100.535,13.77183],[100.53532,13.77156],[100.53494,13.77092],[100.53543,13.77061],[100.53571,13.77102],[100.5363,13.77068],[100.536,13.77019],[100.53623,13.77006],[100.53642,13.77036],[100.53656,13.77027],[100.53631,13.76985],[100.53633,13.76984],[100.53629,13.76977],[100.53627,13.76979],[100.53615,13.7696]]]}},{"type":"Feature","properties":{"name":"วัดมะกอกส่วนหน้า","type":"ชุมชนแออัด","district":"เขตพญาไท","subdistrict":"สามเสนใน","lat":13.769764,"lng":100.534823},"geometry":{"type":"Polygon","coordinates":[[[100.53714,13.76911],[100.53692,13.76874],[100.53722,13.76856],[100.53668,13.7677],[100.53638,13.768],[100.53619,13.76825],[100.53596,13.76835],[100.53574,13.76845],[100.5355,13.7686],[100.5349,13.76911],[100.5353,13.76967],[100.53688,13.76877],[100.53709,13.76914],[100.53689,13.76925],[100.5373,13.76991],[100.53767,13.7697],[100.53785,13.76958],[100.53747,13.76896],[100.53727,13.76903],[100.53714,13.76911]]]}},{"type":"Feature","properties":{"name":"สุขสวัสดิ์","type":"ชุมชนแออัด","district":"เขตพญาไท","subdistrict":"สามเสนใน","lat":13.772047,"lng":100.535167},"geometry":{"type":"Polygon","coordinates":[[[100.53354,13.7707],[100.53333,13.7704],[100.53279,13.77086],[100.53294,13.77103],[100.53313,13.77095],[100.53328,13.77127],[100.53292,13.77167],[100.53372,13.77282],[100.53388,13.77273],[100.53399,13.77266],[100.53403,13.77268],[100.53443,13.77242],[100.5345,13.77236],[100.53411,13.77188],[100.53387,13.77135],[100.53364,13.77101],[100.53331,13.77126],[100.53316,13.77094],[100.5334,13.77078],[100.53354,13.7707]]]}},{"type":"Feature","properties":{"name":"อินทามระ 11","type":"ชุมชนแออัด","district":"เขตพญาไท","subdistrict":"สามเสนใน","lat":13.78965,"lng":100.554991},"geometry":{"type":"Polygon","coordinates":[[[100.55397,13.79116],[100.55392,13.79346],[100.55388,13.7945],[100.554,13.79451],[100.55403,13.79515],[100.55403,13.79524],[100.55405,13.79524],[100.55404,13.79541],[100.55404,13.79546],[100.55403,13.79548],[100.55403,13.79549],[100.55404,13.79562],[100.55434,13.79564],[100.55438,13.7953],[100.55443,13.7953],[100.55443,13.79524],[100.55439,13.79523],[100.55439,13.79521],[100.55439,13.79494],[100.55441,13.79491],[100.5544,13.79466],[100.55451,13.79467],[100.55451,13.79463],[100.55451,13.79451],[100.55451,13.79429],[100.55453,13.79427],[100.55453,13.79413],[100.5547,13.79413],[100.55471,13.79392],[100.55472,13.79392],[100.55474,13.79377],[100.55473,13.79369],[100.55472,13.7937],[100.55444,13.7937],[100.55442,13.79371],[100.55442,13.7935],[100.55444,13.79348],[100.55442,13.79118],[100.55431,13.79118],[100.55414,13.79119],[100.55412,13.79117],[100.55397,13.79116]]]}},{"type":"Feature","properties":{"name":"อินทามระ 29 แยก 1","type":"ชุมชนแออัด","district":"เขตพญาไท","subdistrict":"สามเสนใน","lat":13.794505,"lng":100.558642},"geometry":{"type":"Polygon","coordinates":[[[100.55894,13.79095],[100.55888,13.79191],[100.55886,13.79219],[100.55891,13.79226],[100.55887,13.79252],[100.55882,13.79299],[100.55882,13.79308],[100.55882,13.79308],[100.55878,13.79322],[100.5588,13.79404],[100.55879,13.79411],[100.55879,13.79422],[100.55882,13.79455],[100.55882,13.79484],[100.55882,13.79533],[100.55923,13.79526],[100.55962,13.79508],[100.5596,13.79464],[100.55962,13.79463],[100.55959,13.79439],[100.55957,13.79399],[100.55948,13.79278],[100.55958,13.79196],[100.55962,13.79106],[100.55942,13.79106],[100.55942,13.79092],[100.55895,13.7909],[100.55894,13.79095]]]}},{"type":"Feature","properties":{"name":"อินทามระ 29 แยก 4","type":"ชุมชนแออัด","district":"เขตพญาไท","subdistrict":"สามเสนใน","lat":13.794257,"lng":100.560467},"geometry":{"type":"Polygon","coordinates":[[[100.56075,13.79503],[100.56075,13.79471],[100.56085,13.79408],[100.56091,13.79347],[100.56077,13.7935],[100.56077,13.79325],[100.5605,13.79324],[100.56046,13.79253],[100.55986,13.79256],[100.55982,13.79281],[100.55982,13.79309],[100.55985,13.79364],[100.55988,13.79413],[100.55997,13.79463],[100.56002,13.79509],[100.56075,13.79503]]]}},{"type":"Feature","properties":{"name":"อุทัยรัตน์","type":"ชุมชนแออัด","district":"เขตพญาไท","subdistrict":"สามเสนใน","lat":13.796143,"lng":100.544543},"geometry":{"type":"Polygon","coordinates":[[[100.54171,13.79381],[100.54101,13.79392],[100.54105,13.79441],[100.54085,13.79443],[100.54093,13.79512],[100.54113,13.79511],[100.5412,13.79547],[100.54156,13.79542],[100.5416,13.79565],[100.54169,13.79613],[100.542,13.79608],[100.54219,13.79692],[100.54222,13.7971],[100.54238,13.79707],[100.54308,13.79698],[100.54303,13.79672],[100.543,13.79648],[100.54295,13.796],[100.54274,13.7947],[100.54274,13.79442],[100.54265,13.79441],[100.5425,13.79444],[100.54228,13.79442],[100.54208,13.79443],[100.54178,13.79441],[100.54171,13.79381]]]}},{"type":"Feature","properties":{"name":"ข้างโรงกลั่นน้ำมันบางจาก","type":"ชุมชนแออัด","district":"เขตพระโขนง","subdistrict":"บางจาก","lat":13.691559,"lng":100.595894},"geometry":{"type":"Polygon","coordinates":[[[100.59633,13.69086],[100.59637,13.69076],[100.59646,13.69052],[100.59651,13.6904],[100.59648,13.6904],[100.59651,13.69033],[100.59652,13.69033],[100.59655,13.69034],[100.59659,13.69027],[100.5968,13.6897],[100.59525,13.68936],[100.59525,13.68936],[100.5952,13.6899],[100.59607,13.69017],[100.59597,13.69064],[100.59571,13.69061],[100.59545,13.69071],[100.5954,13.69085],[100.59523,13.69102],[100.59526,13.69179],[100.59547,13.69181],[100.59547,13.69175],[100.59598,13.6918],[100.59612,13.69146],[100.59627,13.69108],[100.59632,13.69087],[100.59633,13.69086]]]}},{"type":"Feature","properties":{"name":"เชลียง 5","type":"ชุมชนแออัด","district":"เขตพระโขนง","subdistrict":"บางจาก","lat":13.681397,"lng":100.632778},"geometry":{"type":"Polygon","coordinates":[[[100.63219,13.68235],[100.63222,13.68234],[100.63224,13.68235],[100.63235,13.68243],[100.63231,13.68251],[100.63263,13.68269],[100.63281,13.68279],[100.63289,13.68263],[100.63385,13.68322],[100.63381,13.68336],[100.63394,13.68341],[100.63395,13.68338],[100.63403,13.68342],[100.63404,13.68339],[100.63405,13.68337],[100.63409,13.68325],[100.63422,13.68328],[100.6343,13.68305],[100.63421,13.68301],[100.6342,13.68298],[100.63412,13.68295],[100.63417,13.68282],[100.63427,13.68229],[100.63433,13.68202],[100.63411,13.68194],[100.6336,13.68122],[100.63249,13.68213],[100.63219,13.68174],[100.63181,13.68206],[100.63199,13.68226],[100.63205,13.6823],[100.63209,13.68225],[100.63209,13.68227],[100.63219,13.68235]]]}},{"type":"Feature","properties":{"name":"เซ่งไพเราะ","type":"ชุมชนแออัด","district":"เขตพระโขนง","subdistrict":"บางจาก","lat":13.690878,"lng":100.63541},"geometry":{"type":"Polygon","coordinates":[[[100.63526,13.69018],[100.63544,13.6902],[100.63543,13.69022],[100.63636,13.69036],[100.63641,13.69036],[100.63658,13.69039],[100.63677,13.6904],[100.63678,13.69038],[100.63703,13.69039],[100.63712,13.69041],[100.63723,13.69041],[100.63723,13.69043],[100.6375,13.69048],[100.63752,13.69025],[100.6375,13.69001],[100.6375,13.68986],[100.6375,13.68973],[100.63748,13.68969],[100.63748,13.68952],[100.63748,13.68936],[100.63751,13.68907],[100.63527,13.68907],[100.63526,13.69018]]]}},{"type":"Feature","properties":{"name":"ทุ่งสาธิต","type":"ชุมชนแออัด","district":"เขตพระโขนง","subdistrict":"บางจาก","lat":13.692252,"lng":100.636359},"geometry":{"type":"Polygon","coordinates":[[[100.63595,13.69133],[100.63691,13.6915],[100.63697,13.69099],[100.63679,13.69097],[100.63677,13.691],[100.63602,13.69085],[100.63595,13.69133]]]}},{"type":"Feature","properties":{"name":"บ้านสวนร่วมพัฒนา","type":"ชุมชนเมือง","district":"เขตพระโขนง","subdistrict":"บางจาก","lat":13.68835525,"lng":100.60479136},"geometry":{"type":"Polygon","coordinates":[[[100.59676,13.68981],[100.59655,13.69034],[100.59652,13.69033],[100.5965,13.69037],[100.59648,13.6904],[100.59653,13.69041],[100.59649,13.69044],[100.5963,13.69093],[100.59628,13.69103],[100.59599,13.69184],[100.59587,13.69218],[100.59627,13.69235],[100.59627,13.69236],[100.59635,13.69197],[100.59653,13.69162],[100.59708,13.6918],[100.59729,13.69137],[100.59804,13.69181],[100.59845,13.69123],[100.59839,13.69118],[100.59824,13.69102],[100.59844,13.69075],[100.5982,13.69058],[100.59835,13.69034],[100.59795,13.69009],[100.59762,13.68999],[100.5976,13.68998],[100.59676,13.68981]]]}},{"type":"Feature","properties":{"name":"เยี่ยมเจริญสุข","type":"ชุมชนแออัด","district":"เขตพระโขนง","subdistrict":"บางจาก","lat":13.702976,"lng":100.61775},"geometry":{"type":"Polygon","coordinates":[[[100.61719,13.70408],[100.61737,13.70414],[100.61737,13.70415],[100.61749,13.70418],[100.61756,13.7042],[100.61813,13.70183],[100.61787,13.70179],[100.61787,13.70179],[100.61781,13.70198],[100.61772,13.70196],[100.61772,13.70198],[100.61766,13.70222],[100.61765,13.70221],[100.61763,13.7023],[100.61764,13.7023],[100.61719,13.70408]],[[100.61787,13.7018],[100.61787,13.70179],[100.61787,13.70179],[100.61787,13.7018]],[[100.61787,13.70179],[100.61787,13.70179],[100.61787,13.70179],[100.61787,13.70179]]]}},{"type":"Feature","properties":{"name":"แย้มสรวล","type":"ชุมชนแออัด","district":"เขตพระโขนง","subdistrict":"บางจาก","lat":13.684036,"lng":100.626358},"geometry":{"type":"Polygon","coordinates":[[[100.62473,13.68377],[100.62508,13.68384],[100.62529,13.68331],[100.62537,13.68321],[100.6255,13.68296],[100.62557,13.68261],[100.62598,13.68198],[100.62641,13.68106],[100.62663,13.68068],[100.62713,13.67936],[100.62679,13.6792],[100.62669,13.67915],[100.62637,13.67919],[100.62626,13.67925],[100.62611,13.67952],[100.6259,13.68022],[100.62542,13.68129],[100.62498,13.68223],[100.62489,13.68245],[100.62483,13.68249],[100.62473,13.68272],[100.62445,13.68338],[100.62479,13.68356],[100.6247,13.68377],[100.62473,13.68377]]]}},{"type":"Feature","properties":{"name":"รวมใจพัฒนา","type":"ชุมชนเมือง","district":"เขตพระโขนง","subdistrict":"บางจาก","lat":13.69432343,"lng":100.59217302},"geometry":{"type":"Polygon","coordinates":[[[100.59218,13.69516],[100.59315,13.69537],[100.59388,13.69576],[100.59401,13.69465],[100.59409,13.69412],[100.59296,13.69407],[100.59246,13.69398],[100.5923,13.69402],[100.59218,13.69516]]]}},{"type":"Feature","properties":{"name":"ฤกษ์เที่ยง","type":"ชุมชนแออัด","district":"เขตพระโขนง","subdistrict":"บางจาก","lat":13.701686,"lng":100.610885},"geometry":{"type":"Polygon","coordinates":[[[100.61576,13.70386],[100.6163,13.70405],[100.61649,13.70379],[100.61607,13.70365],[100.61659,13.70151],[100.61629,13.70144],[100.61585,13.70308],[100.61573,13.70353],[100.61574,13.70355],[100.61576,13.70386]]]}},{"type":"Feature","properties":{"name":"หมู่บ้านไทยวันดี","type":"ชุมชนเมือง","district":"เขตพระโขนง","subdistrict":"บางจาก","lat":13.693848,"lng":100.633817},"geometry":{"type":"Polygon","coordinates":[[[100.63184,13.69337],[100.63698,13.69519],[100.63711,13.69468],[100.63691,13.69462],[100.63687,13.69474],[100.63199,13.69296],[100.63193,13.69312],[100.6319,13.69319],[100.63184,13.69337]]]}},{"type":"Feature","properties":{"name":"วัดจันทร์ประดิษฐาราม เขต 1 หมู่ 1 หมู่ 7","type":"ชุมชนเมือง","district":"เขตภาษีเจริญ","subdistrict":"บางด้วน","lat":13.720346,"lng":100.438382},"geometry":{"type":"Polygon","coordinates":[[[100.44006,13.72016],[100.44036,13.71991],[100.44114,13.71824],[100.44099,13.71787],[100.4407,13.71818],[100.44063,13.71824],[100.44025,13.71862],[100.44019,13.7187],[100.43994,13.71895],[100.43988,13.719],[100.43982,13.71906],[100.43977,13.71911],[100.43985,13.71918],[100.43947,13.71962],[100.43939,13.71955],[100.4387,13.72027],[100.43827,13.71996],[100.43805,13.72017],[100.43795,13.72029],[100.43771,13.72016],[100.43736,13.72051],[100.43721,13.7207],[100.43683,13.72048],[100.43615,13.72013],[100.43605,13.72025],[100.43551,13.71995],[100.43544,13.72008],[100.43631,13.72057],[100.43722,13.72109],[100.43806,13.72158],[100.43823,13.72149],[100.43877,13.72124],[100.43892,13.72121],[100.43904,13.72126],[100.43929,13.72123],[100.43938,13.72114],[100.43955,13.72104],[100.43967,13.72081],[100.43983,13.72045],[100.44006,13.72016]]]}},{"type":"Feature","properties":{"name":"วัดจันทร์ประดิษฐาราม เขต 1 หมู่ 3","type":"ชุมชนแออัด","district":"เขตภาษีเจริญ","subdistrict":"บางด้วน","lat":13.719391,"lng":100.431237},"geometry":{"type":"Polygon","coordinates":[[[100.43415,13.72245],[100.43442,13.72263],[100.43441,13.72265],[100.43448,13.7227],[100.43451,13.72268],[100.43484,13.7229],[100.43519,13.72254],[100.43581,13.72303],[100.43584,13.72307],[100.43597,13.72303],[100.43618,13.72292],[100.43626,13.72287],[100.43633,13.72285],[100.43688,13.72246],[100.43713,13.72228],[100.43738,13.72205],[100.43754,13.72195],[100.43766,13.72185],[100.43773,13.72181],[100.43649,13.72101],[100.43616,13.7208],[100.43598,13.72108],[100.43504,13.72053],[100.43519,13.7203],[100.43525,13.72025],[100.43501,13.72008],[100.43497,13.72011],[100.43484,13.72002],[100.43448,13.71998],[100.43442,13.72001],[100.43434,13.72007],[100.43424,13.72015],[100.4341,13.72035],[100.43413,13.72039],[100.43457,13.72068],[100.43425,13.72114],[100.43412,13.72137],[100.43405,13.72143],[100.43402,13.72141],[100.43386,13.72156],[100.43387,13.72158],[100.43366,13.72177],[100.43332,13.72154],[100.43315,13.7217],[100.43344,13.72193],[100.43375,13.72216],[100.43415,13.72245]]]}},{"type":"Feature","properties":{"name":"หมู่บ้านพัฒนาหมู่ 1 คลองขวาง","type":"ชุมชนเมือง","district":"เขตภาษีเจริญ","subdistrict":"คลองขวาง","lat":13.74017332,"lng":100.42587864},"geometry":{"type":"Polygon","coordinates":[[[100.42448,13.73877],[100.42438,13.74],[100.4247,13.74003],[100.42516,13.74002],[100.42547,13.74003],[100.42572,13.74005],[100.42572,13.7401],[100.42659,13.74016],[100.42658,13.74023],[100.4268,13.74023],[100.42681,13.74017],[100.4269,13.73696],[100.42459,13.73678],[100.42454,13.73822],[100.42449,13.73822],[100.42449,13.73827],[100.4245,13.73842],[100.4245,13.73861],[100.42448,13.73877]]]}},{"type":"Feature","properties":{"name":"หลังวัดปากน้ำฝั่งใต้","type":"ชุมชนเมือง","district":"เขตภาษีเจริญ","subdistrict":"คูหาสวรรค์","lat":13.743223,"lng":100.458213},"geometry":{"type":"Polygon","coordinates":[[[100.45702,13.74236],[100.45704,13.74251],[100.45686,13.74255],[100.45702,13.74318],[100.45683,13.74349],[100.45705,13.74388],[100.45769,13.74392],[100.458,13.74385],[100.45866,13.74357],[100.45863,13.74303],[100.45863,13.74304],[100.45863,13.74303],[100.45863,13.74303],[100.45879,13.7424],[100.45823,13.74209],[100.45729,13.7423],[100.4573,13.74234],[100.45722,13.74236],[100.45721,13.74232],[100.45702,13.74236]]]}},{"type":"Feature","properties":{"name":"ทองสงวน หมู่ 9","type":"ชุมชนชานเมือง","district":"เขตมีนบุรี","subdistrict":"แสนแสบ","lat":13.81229928,"lng":100.79820882},"geometry":{"type":"Polygon","coordinates":[[[100.79038,13.81542],[100.79071,13.81553],[100.79125,13.81569],[100.79123,13.81573],[100.79077,13.81713],[100.79019,13.81698],[100.79018,13.81704],[100.78955,13.81854],[100.78926,13.81921],[100.78906,13.81963],[100.78846,13.82111],[100.78852,13.82114],[100.78858,13.82117],[100.78842,13.82161],[100.78785,13.82288],[100.78774,13.82315],[100.78647,13.82551],[100.78834,13.82562],[100.79211,13.82676],[100.79274,13.82735],[100.79305,13.82774],[100.79441,13.83043],[100.79501,13.83179],[100.79501,13.83182],[100.79506,13.83396],[100.7968,13.83483],[100.79757,13.83552],[100.79945,13.83668],[100.80259,13.83338],[100.80387,13.83367],[100.8047,13.83421],[100.80691,13.83437],[100.80653,13.83227],[100.80564,13.82948],[100.80579,13.82856],[100.80549,13.82748],[100.80574,13.8261],[100.804,13.82602],[100.80362,13.82517],[100.79817,13.82731],[100.79583,13.81847],[100.79778,13.81763],[100.79694,13.81381],[100.79295,13.81157],[100.79127,13.81166],[100.79119,13.8124],[100.79124,13.81271],[100.79038,13.81542]]]}},{"type":"Feature","properties":{"name":"บางชันพัฒนา หมู่ 15","type":"ชุมชนเมือง","district":"เขตมีนบุรี","subdistrict":"มีนบุรี","lat":13.805542,"lng":100.702638},"geometry":{"type":"Polygon","coordinates":[[[100.70365,13.80559],[100.70254,13.80467],[100.70277,13.80422],[100.70191,13.80346],[100.70164,13.80308],[100.70115,13.80348],[100.70045,13.8046],[100.70134,13.80562],[100.70183,13.80646],[100.70204,13.80688],[100.70281,13.80695],[100.70304,13.80683],[100.70366,13.8056],[100.70365,13.80559]]]}},{"type":"Feature","properties":{"name":"สุเหร่าบ้านเกาะ หมู่ 4,12","type":"ชุมชนชานเมือง","district":"เขตมีนบุรี","subdistrict":"แสนแสบ","lat":13.823898,"lng":100.780414},"geometry":{"type":"Polygon","coordinates":[[[100.78095,13.82499],[100.78206,13.82384],[100.78208,13.82399],[100.78213,13.8246],[100.78213,13.82465],[100.78274,13.82525],[100.78335,13.82548],[100.78376,13.82458],[100.78496,13.82203],[100.78556,13.81945],[100.78084,13.82016],[100.78048,13.82018],[100.77978,13.8229],[100.77793,13.82662],[100.77792,13.82659],[100.77639,13.82932],[100.7769,13.82969],[100.77568,13.83212],[100.77694,13.83142],[100.77886,13.83013],[100.78095,13.82499]]]}},{"type":"Feature","properties":{"name":"เชื้อเพลิงพัฒนา","type":"ชุมชนแออัด","district":"เขตยานนาวา","subdistrict":"ช่องนนทรี","lat":13.711026,"lng":100.553059},"geometry":{"type":"Polygon","coordinates":[[[100.5531,13.71052],[100.5527,13.71021],[100.55268,13.71015],[100.55251,13.70999],[100.55176,13.71073],[100.55365,13.71266],[100.55382,13.71271],[100.55402,13.7113],[100.55406,13.711],[100.55358,13.71111],[100.55358,13.71123],[100.55346,13.71122],[100.55345,13.71108],[100.55344,13.71107],[100.55334,13.71107],[100.55334,13.71101],[100.55317,13.71103],[100.55313,13.7109],[100.55324,13.71088],[100.55322,13.71067],[100.55335,13.71064],[100.55334,13.71055],[100.55332,13.71043],[100.5533,13.71042],[100.55318,13.71038],[100.5531,13.71052]]]}},{"type":"Feature","properties":{"name":"กองพันทหารสารวัตรที่ 11 ที่ 1","type":"ชุมชนอาคารสูง","district":"เขตราชเทวี","subdistrict":"ทุ่งพญาไท","lat":13.763936,"lng":100.530632},"geometry":{"type":"Polygon","coordinates":[[[100.52942,13.76132],[100.52914,13.76143],[100.52856,13.76168],[100.52924,13.76298],[100.52937,13.76293],[100.52931,13.7627],[100.52947,13.7626],[100.53005,13.76376],[100.53032,13.76361],[100.53024,13.76339],[100.53021,13.76334],[100.53009,13.76334],[100.52978,13.76276],[100.53048,13.76238],[100.5301,13.76147],[100.52961,13.76171],[100.5296,13.76171],[100.52942,13.76132]]]}},{"type":"Feature","properties":{"name":"กองพันทหารสารวัตรที่ 11 ที่ 3","type":"ชุมชนอาคารสูง","district":"เขตราชเทวี","subdistrict":"ทุ่งพญาไท","lat":13.760903,"lng":100.532952},"geometry":{"type":"Polygon","coordinates":[[[100.53045,13.7635],[100.53049,13.76355],[100.53034,13.76361],[100.53008,13.7638],[100.52991,13.76354],[100.52946,13.76266],[100.52936,13.76269],[100.52939,13.76291],[100.52925,13.76299],[100.52855,13.7617],[100.52829,13.76184],[100.52977,13.76495],[100.53216,13.76387],[100.53199,13.76353],[100.5319,13.76354],[100.53176,13.76328],[100.53115,13.7635],[100.5312,13.76366],[100.53084,13.76377],[100.53068,13.76351],[100.53056,13.76344],[100.53052,13.76345],[100.53045,13.7635]]]}},{"type":"Feature","properties":{"name":"บ้านครัวเหนือ","type":"ชุมชนแออัด","district":"เขตราชเทวี","subdistrict":"ถนนเพชรบุรี","lat":13.750339,"lng":100.526643},"geometry":{"type":"Polygon","coordinates":[[[100.52919,13.75054],[100.52941,13.75051],[100.5293,13.74986],[100.52921,13.74943],[100.52886,13.74948],[100.52827,13.7496],[100.52747,13.74967],[100.52692,13.74962],[100.52619,13.74946],[100.52567,13.74933],[100.52533,13.74928],[100.525,13.74948],[100.52474,13.74967],[100.52453,13.7498],[100.52515,13.75083],[100.52563,13.75071],[100.52627,13.75058],[100.52717,13.75046],[100.52715,13.75034],[100.5276,13.75024],[100.52765,13.75038],[100.52815,13.7503],[100.52871,13.75026],[100.52873,13.75057],[100.52894,13.75058],[100.52919,13.75054]]]}},{"type":"Feature","properties":{"name":"ซอยรุ่งเรือง","type":"ชุมชนแออัด","district":"เขตราษฏร์บูรณะ","subdistrict":"ราษฎร์บูรณะ","lat":13.668111,"lng":100.51316},"geometry":{"type":"Polygon","coordinates":[[[100.51098,13.66704],[100.51102,13.66715],[100.51253,13.66855],[100.51306,13.66873],[100.51504,13.66732],[100.51575,13.66645],[100.51571,13.66644],[100.51478,13.66609],[100.51433,13.66598],[100.51409,13.66586],[100.51387,13.66586],[100.51387,13.66582],[100.51385,13.66556],[100.51383,13.66554],[100.51377,13.66552],[100.51372,13.66528],[100.51371,13.66519],[100.51357,13.66515],[100.51351,13.66519],[100.51318,13.66521],[100.51187,13.66534],[100.51055,13.66577],[100.51101,13.66661],[100.51105,13.66675],[100.51098,13.66704]]]}},{"type":"Feature","properties":{"name":"เคหะร่มเกล้า โซน 2","type":"ชุมชนเมือง","district":"เขตลาดกระบัง","subdistrict":"คลองสองต้นนุ่น","lat":13.770472,"lng":100.73103},"geometry":{"type":"Polygon","coordinates":[[[100.73328,13.77453],[100.7333,13.77331],[100.73237,13.77329],[100.73237,13.77224],[100.73238,13.76951],[100.73029,13.76955],[100.73032,13.77033],[100.73045,13.77098],[100.73066,13.77196],[100.7313,13.77485],[100.73328,13.77453]]]}},{"type":"Feature","properties":{"name":"ฟื้นนครร่มเกล้า ระยะ 3 โซน 8","type":"ชุมชนเมือง","district":"เขตลาดกระบัง","subdistrict":"คลองสองต้นนุ่น","lat":13.769805,"lng":100.738162},"geometry":{"type":"Polygon","coordinates":[[[100.7339,13.76956],[100.73398,13.76963],[100.73399,13.76969],[100.73403,13.77126],[100.73654,13.77145],[100.73885,13.77157],[100.73883,13.77081],[100.73884,13.76975],[100.73871,13.76974],[100.7387,13.76962],[100.73836,13.76962],[100.73836,13.76973],[100.73778,13.76971],[100.73778,13.76974],[100.7376,13.76972],[100.7376,13.7697],[100.73691,13.76965],[100.73606,13.76956],[100.73373,13.76935],[100.73372,13.76941],[100.73372,13.76952],[100.7339,13.76956]]]}},{"type":"Feature","properties":{"name":"วัดสังฆราชา","type":"ชุมชนเมือง","district":"เขตลาดกระบัง","subdistrict":"ลาดกระบัง","lat":13.725365,"lng":100.73768},"geometry":{"type":"Polygon","coordinates":[[[100.73232,13.72409],[100.73246,13.72802],[100.73942,13.72726],[100.7394,13.72624],[100.73941,13.72533],[100.74051,13.7253],[100.74054,13.72419],[100.7397,13.72411],[100.73894,13.7241],[100.73858,13.72407],[100.73865,13.72281],[100.73814,13.72278],[100.73798,13.72388],[100.73811,13.72383],[100.7381,13.72408],[100.7352,13.7241],[100.73399,13.72417],[100.73232,13.72409]]]}},{"type":"Feature","properties":{"name":"หมู่บ้านเฟรนชิพ","type":"ชุมชนเมือง","district":"เขตลาดพร้าว","subdistrict":"ลาดพร้าว","lat":13.835338,"lng":100.62017},"geometry":{"type":"Polygon","coordinates":[[[100.6196,13.83675],[100.62048,13.83664],[100.62088,13.83582],[100.62198,13.83563],[100.62185,13.83437],[100.62169,13.83419],[100.61973,13.83441],[100.6197,13.83379],[100.61961,13.83317],[100.61942,13.8332],[100.61937,13.83274],[100.6206,13.8326],[100.62069,13.83251],[100.62068,13.8322],[100.62069,13.83213],[100.62103,13.83213],[100.6215,13.83214],[100.6215,13.8325],[100.62172,13.83251],[100.62173,13.83209],[100.62112,13.83207],[100.62106,13.83169],[100.62101,13.83145],[100.62158,13.83147],[100.6216,13.83132],[100.62093,13.83126],[100.621,13.83169],[100.62022,13.83164],[100.62018,13.83203],[100.62062,13.83214],[100.62065,13.83249],[100.6206,13.83255],[100.61919,13.83271],[100.61917,13.83252],[100.61679,13.83275],[100.61683,13.83303],[100.6193,13.83276],[100.61933,13.83282],[100.61936,13.8331],[100.61936,13.83319],[100.61918,13.83321],[100.61922,13.83346],[100.61925,13.83372],[100.61888,13.83377],[100.61888,13.83381],[100.61889,13.83393],[100.61873,13.83394],[100.61881,13.83432],[100.61717,13.83449],[100.61741,13.83573],[100.61756,13.83639],[100.61814,13.83631],[100.6181,13.83604],[100.61881,13.83595],[100.61912,13.83645],[100.61915,13.8365],[100.61945,13.83646],[100.6194,13.83651],[100.61949,13.83671],[100.6196,13.83675]]]}},{"type":"Feature","properties":{"name":"คลองพลับพลา","type":"ชุมชนแออัด","district":"เขตวังทองหลาง","subdistrict":"พลับพลา","lat":13.757325,"lng":100.599721},"geometry":{"type":"Polygon","coordinates":[[[100.5992,13.7593],[100.59982,13.76013],[100.60086,13.7594],[100.60074,13.75927],[100.60062,13.75918],[100.60111,13.75853],[100.60115,13.75849],[100.59876,13.7565],[100.59817,13.75698],[100.59786,13.75732],[100.59754,13.75782],[100.59777,13.75801],[100.59835,13.75853],[100.5992,13.7593]],[[100.59982,13.76013],[100.59982,13.76013],[100.59983,13.76013],[100.59982,13.76013]]]}},{"type":"Feature","properties":{"name":"จันทราสุข","type":"ชุมชนแออัด","district":"เขตวังทองหลาง","subdistrict":"คลองเจ้าคุณสิงห์","lat":13.787964,"lng":100.62212},"geometry":{"type":"MultiPolygon","coordinates":[[[[100.61702,13.79024],[100.61705,13.79029],[100.61699,13.7903],[100.617,13.79035],[100.61699,13.79054],[100.61726,13.79048],[100.61731,13.79047],[100.6179,13.79036],[100.6179,13.79038],[100.61794,13.79061],[100.61794,13.79062],[100.6183,13.79054],[100.61858,13.7905],[100.61841,13.7896],[100.6183,13.78879],[100.61817,13.78797],[100.61805,13.78715],[100.61741,13.78725],[100.61659,13.78741],[100.61658,13.78759],[100.61651,13.78762],[100.61666,13.78859],[100.6169,13.78978],[100.6169,13.78982],[100.61697,13.79014],[100.617,13.79018],[100.61702,13.79024]]],[[[100.61794,13.79063],[100.61794,13.79062],[100.61793,13.79062],[100.61794,13.79063]]]]}},{"type":"Feature","properties":{"name":"น้อมเกล้า","type":"ชุมชนแออัด","district":"เขตวังทองหลาง","subdistrict":"พลับพลา","lat":13.763302,"lng":100.605409},"geometry":{"type":"Polygon","coordinates":[[[100.60436,13.76722],[100.6046,13.76703],[100.60462,13.76698],[100.60471,13.76691],[100.60565,13.76608],[100.60557,13.76599],[100.60566,13.76587],[100.60525,13.76536],[100.60525,13.76532],[100.60545,13.76518],[100.60532,13.76502],[100.6037,13.76638],[100.60372,13.76652],[100.60436,13.76722],[100.60436,13.76722]]]}},{"type":"Feature","properties":{"name":"ร่วมสามัคคี","type":"ชุมชนแออัด","district":"เขตวังทองหลาง","subdistrict":"พลับพลา","lat":13.763966,"lng":100.602087},"geometry":{"type":"Polygon","coordinates":[[[100.602,13.76444],[100.60312,13.76581],[100.60312,13.76581],[100.60324,13.76571],[100.60323,13.76568],[100.60339,13.76554],[100.60228,13.76422],[100.602,13.76444]],[[100.60312,13.76581],[100.60311,13.76581],[100.60312,13.76581],[100.60312,13.76581]]]}},{"type":"Feature","properties":{"name":"รามคำแหง 53","type":"ชุมชนแออัด","district":"เขตวังทองหลาง","subdistrict":"พลับพลา","lat":13.778993,"lng":100.618112},"geometry":{"type":"Polygon","coordinates":[[[100.61997,13.76855],[100.62021,13.76857],[100.62074,13.76861],[100.62112,13.76699],[100.62125,13.76648],[100.62131,13.76588],[100.62136,13.76562],[100.62156,13.7647],[100.62166,13.76415],[100.62184,13.76352],[100.62189,13.76236],[100.62181,13.76232],[100.62042,13.76213],[100.62028,13.76205],[100.62011,13.76201],[100.61989,13.76198],[100.61956,13.76188],[100.61963,13.76197],[100.61952,13.76206],[100.61926,13.76414],[100.62055,13.76434],[100.62017,13.76633],[100.62009,13.76633],[100.61976,13.76815],[100.62002,13.76819],[100.61997,13.76855]]]}},{"type":"Feature","properties":{"name":"รุ่งมณีพัฒนา","type":"ชุมชนแออัด","district":"เขตวังทองหลาง","subdistrict":"พลับพลา","lat":13.76061,"lng":100.609031},"geometry":{"type":"Polygon","coordinates":[[[100.60758,13.7616],[100.60781,13.76184],[100.60765,13.76198],[100.60761,13.76201],[100.6076,13.76202],[100.60795,13.76236],[100.60808,13.76246],[100.60834,13.76235],[100.60846,13.76223],[100.60914,13.76167],[100.60979,13.76117],[100.60992,13.76105],[100.61036,13.7609],[100.6111,13.76066],[100.6117,13.76045],[100.61178,13.76041],[100.61219,13.76017],[100.6122,13.76016],[100.6122,13.76016],[100.61221,13.76015],[100.61099,13.75881],[100.61068,13.75896],[100.61066,13.75897],[100.6104,13.75867],[100.61009,13.75835],[100.61001,13.75827],[100.6098,13.75806],[100.60672,13.76057],[100.6066,13.76067],[100.60645,13.76081],[100.60646,13.76084],[100.60698,13.76136],[100.60709,13.76148],[100.60735,13.76179],[100.60745,13.7617],[100.60758,13.7616]]]}},{"type":"Feature","properties":{"name":"ลาดพร้าว 91","type":"ชุมชนแออัด","district":"เขตวังทองหลาง","subdistrict":"พลับพลา","lat":13.767117,"lng":100.604827},"geometry":{"type":"Polygon","coordinates":[[[100.62583,13.7882],[100.62598,13.78743],[100.62603,13.78735],[100.62602,13.78724],[100.62602,13.78722],[100.62607,13.78697],[100.62461,13.7867],[100.6244,13.78666],[100.62402,13.78657],[100.62315,13.78651],[100.62314,13.78698],[100.62243,13.78692],[100.62244,13.78676],[100.62242,13.78675],[100.62207,13.78672],[100.62209,13.78691],[100.62067,13.78682],[100.62067,13.78682],[100.62066,13.78704],[100.62047,13.78682],[100.62032,13.78694],[100.62052,13.78735],[100.62066,13.78731],[100.6217,13.78739],[100.62172,13.78761],[100.62168,13.78771],[100.62156,13.7877],[100.62121,13.78771],[100.62121,13.78808],[100.62187,13.78804],[100.62199,13.78804],[100.62202,13.78806],[100.6226,13.78803],[100.62258,13.788],[100.62262,13.788],[100.62277,13.788],[100.62278,13.788],[100.62287,13.78802],[100.62295,13.78802],[100.62308,13.78804],[100.62319,13.78801],[100.6232,13.78798],[100.62325,13.78795],[100.62334,13.78793],[100.62341,13.78793],[100.62345,13.78792],[100.62351,13.78792],[100.62356,13.78791],[100.62368,13.78792],[100.62373,13.78801],[100.62384,13.78801],[100.62387,13.78796],[100.62396,13.78796],[100.6241,13.78799],[100.62424,13.78801],[100.62443,13.78804],[100.62474,13.78809],[100.62474,13.78805],[100.62583,13.7882]]]}},{"type":"Feature","properties":{"name":"วัดเทพลีลา","type":"ชุมชนแออัด","district":"เขตวังทองหลาง","subdistrict":"พลับพลา","lat":13.759535,"lng":100.611426},"geometry":{"type":"Polygon","coordinates":[[[100.61312,13.75954],[100.61202,13.75845],[100.61082,13.75734],[100.61046,13.75714],[100.60982,13.75805],[100.60998,13.75824],[100.61066,13.75897],[100.61098,13.75879],[100.61153,13.75936],[100.612,13.75889],[100.61288,13.75969],[100.61313,13.75955],[100.61311,13.75955],[100.61312,13.75954]]]}},{"type":"Feature","properties":{"name":"สุเหร่าดอนสะแก","type":"ชุมชนแออัด","district":"เขตวังทองหลาง","subdistrict":"พลับพลา","lat":13.777055,"lng":100.612332},"geometry":{"type":"Polygon","coordinates":[[[100.61356,13.78504],[100.61378,13.78501],[100.61379,13.78502],[100.61386,13.785],[100.61402,13.78497],[100.61391,13.78452],[100.6139,13.78432],[100.6138,13.78413],[100.61379,13.78412],[100.61367,13.78381],[100.61355,13.78367],[100.61436,13.78322],[100.61395,13.78254],[100.61356,13.78187],[100.61337,13.78161],[100.61329,13.78132],[100.61319,13.781],[100.61323,13.78071],[100.61322,13.78048],[100.61321,13.7803],[100.61322,13.78009],[100.61325,13.77988],[100.61325,13.77977],[100.61323,13.77959],[100.61322,13.77947],[100.61327,13.77941],[100.61326,13.7793],[100.61321,13.77929],[100.61289,13.77927],[100.61285,13.77926],[100.6129,13.77914],[100.61297,13.77904],[100.61311,13.7789],[100.61322,13.77878],[100.61333,13.77861],[100.61342,13.77835],[100.61353,13.77811],[100.61383,13.77731],[100.61418,13.77626],[100.61455,13.77513],[100.61427,13.77487],[100.61414,13.77491],[100.61372,13.77524],[100.61355,13.77541],[100.61343,13.77554],[100.61362,13.77574],[100.61363,13.7758],[100.61357,13.77591],[100.61346,13.77598],[100.61335,13.77603],[100.61322,13.77617],[100.61327,13.77662],[100.61265,13.77765],[100.61166,13.77923],[100.61174,13.78055],[100.61168,13.78089],[100.6121,13.78446],[100.61341,13.78374],[100.61345,13.784],[100.61356,13.78504],[100.61356,13.78504]]]}},{"type":"Feature","properties":{"name":"หมู่บ้านพลับพลา","type":"ชุมชนเมือง","district":"เขตวังทองหลาง","subdistrict":"พลับพลา","lat":13.760722,"lng":100.601725},"geometry":{"type":"Polygon","coordinates":[[[100.60234,13.76112],[100.60358,13.76014],[100.60312,13.75912],[100.60301,13.75917],[100.60262,13.75873],[100.60199,13.75923],[100.60194,13.75916],[100.60175,13.7593],[100.60166,13.7592],[100.60111,13.75964],[100.60111,13.75965],[100.60234,13.76112]]]}},{"type":"Feature","properties":{"name":"ริมคลองหัวหมากใหญ่","type":"ชุมชนเมือง","district":"เขตสวนหลวง","subdistrict":"สวนหลวง","lat":13.735546,"lng":100.645658},"geometry":{"type":"Polygon","coordinates":[[[100.64458,13.73442],[100.64495,13.73425],[100.64468,13.7337],[100.64368,13.73407],[100.6436,13.73387],[100.64337,13.73388],[100.64313,13.73358],[100.64292,13.73344],[100.64254,13.73335],[100.6422,13.73336],[100.64131,13.73335],[100.64113,13.73569],[100.64176,13.7381],[100.64191,13.73815],[100.64393,13.73785],[100.64521,13.73776],[100.64719,13.73754],[100.64716,13.73725],[100.64652,13.73728],[100.64579,13.73604],[100.64545,13.73618],[100.64523,13.73587],[100.64682,13.73513],[100.64659,13.73468],[100.64636,13.73478],[100.64621,13.73466],[100.64616,13.73468],[100.6459,13.7348],[100.64597,13.73495],[100.64504,13.73534],[100.64486,13.73497],[100.64471,13.73497],[100.64456,13.73476],[100.64468,13.73461],[100.64458,13.73442]]]}},{"type":"Feature","properties":{"name":"วัดทองเจ้าพัฒนา","type":"ชุมชนเมือง","district":"เขตสวนหลวง","subdistrict":"สวนหลวง","lat":13.713659,"lng":100.628738},"geometry":{"type":"Polygon","coordinates":[[[100.62491,13.71158],[100.62463,13.7113],[100.62463,13.71107],[100.62459,13.71105],[100.6246,13.71082],[100.62472,13.70971],[100.62322,13.70956],[100.62314,13.71019],[100.62296,13.7111],[100.62155,13.71073],[100.62153,13.71085],[100.62148,13.71087],[100.62145,13.71135],[100.62147,13.71216],[100.62174,13.71263],[100.62214,13.71301],[100.62238,13.71413],[100.62251,13.71432],[100.62265,13.71441],[100.62314,13.71437],[100.62396,13.71466],[100.62412,13.7146],[100.6242,13.71445],[100.62439,13.71367],[100.62461,13.71298],[100.62475,13.71281],[100.62491,13.71273],[100.62536,13.71256],[100.62511,13.71204],[100.62504,13.71164],[100.62493,13.71163],[100.62491,13.71158]]]}},{"type":"Feature","properties":{"name":"มัสยิดย่ามีลุ้ลอิบาดะห์ (ลาดบัวขาว)","type":"ชุมชนแออัด","district":"เขตสะพานสูง","subdistrict":"สะพานสูง","lat":13.769133,"lng":100.713633},"geometry":{"type":"Polygon","coordinates":[[[100.71388,13.76952],[100.71384,13.76954],[100.71374,13.76956],[100.71338,13.76963],[100.71174,13.76997],[100.7105,13.77024],[100.71071,13.77102],[100.71286,13.77058],[100.71434,13.77019],[100.71484,13.76997],[100.71449,13.76932],[100.71436,13.76923],[100.71394,13.76947],[100.71388,13.76952]]]}},{"type":"Feature","properties":{"name":"หมู่ 11 สะพานสูง (เกาะดอน)","type":"ชุมชนแออัด","district":"เขตสะพานสูง","subdistrict":"สะพานสูง","lat":13.768789,"lng":100.683088},"geometry":{"type":"Polygon","coordinates":[[[100.68376,13.76837],[100.68402,13.76766],[100.6842,13.76715],[100.68383,13.76706],[100.68375,13.76704],[100.6837,13.76706],[100.68365,13.76706],[100.68289,13.76673],[100.68247,13.76764],[100.68212,13.76767],[100.68191,13.76813],[100.68169,13.76811],[100.68165,13.76838],[100.68157,13.76886],[100.68214,13.76902],[100.68186,13.76955],[100.68305,13.77037],[100.68327,13.77001],[100.68462,13.7704],[100.685,13.76933],[100.68503,13.76926],[100.68367,13.76879],[100.68362,13.76877],[100.68376,13.76837]]]}},{"type":"Feature","properties":{"name":"หมู่บ้านเคหะนคร","type":"ชุมชนเมือง","district":"เขตสะพานสูง","subdistrict":"สะพานสูง","lat":13.780362,"lng":100.708442},"geometry":{"type":"Polygon","coordinates":[[[100.70687,13.78391],[100.70628,13.78489],[100.70598,13.78539],[100.7058,13.78573],[100.70584,13.78581],[100.70849,13.78706],[100.71155,13.7885],[100.71192,13.78787],[100.71263,13.78664],[100.713,13.78598],[100.71351,13.78502],[100.71377,13.78452],[100.71439,13.78343],[100.71465,13.783],[100.71511,13.78203],[100.71524,13.78144],[100.71521,13.78125],[100.71522,13.78117],[100.71456,13.7812],[100.71393,13.78104],[100.71287,13.78053],[100.71245,13.78013],[100.71197,13.77979],[100.71119,13.77924],[100.71036,13.77871],[100.71016,13.7786],[100.70997,13.77857],[100.70971,13.77857],[100.70966,13.77863],[100.70968,13.77868],[100.70919,13.77968],[100.70784,13.78206],[100.70687,13.78391]]]}},{"type":"Feature","properties":{"name":"หมู่บ้านนักกีฬาแหลมทอง","type":"ชุมชนเมือง","district":"เขตสะพานสูง","subdistrict":"สะพานสูง","lat":13.745132,"lng":100.695191},"geometry":{"type":"Polygon","coordinates":[[[100.69826,13.74689],[100.6981,13.74691],[100.69793,13.74657],[100.69781,13.74568],[100.69773,13.74532],[100.69766,13.74512],[100.69756,13.74477],[100.6976,13.74464],[100.6975,13.74405],[100.69715,13.74314],[100.69708,13.74283],[100.69701,13.74243],[100.69709,13.74242],[100.69783,13.74227],[100.6978,13.74205],[100.69722,13.74207],[100.69707,13.74203],[100.69698,13.74086],[100.69664,13.73917],[100.69657,13.73884],[100.6941,13.73933],[100.69397,13.7394],[100.69367,13.73946],[100.69367,13.73946],[100.69321,13.73957],[100.69278,13.7394],[100.69258,13.73945],[100.69253,13.73929],[100.69141,13.73947],[100.69153,13.74011],[100.69153,13.74027],[100.69123,13.74033],[100.69016,13.7405],[100.68982,13.74054],[100.68981,13.74068],[100.68905,13.74084],[100.68898,13.74064],[100.68878,13.74068],[100.68883,13.74089],[100.68828,13.741],[100.68841,13.74186],[100.68858,13.74272],[100.68873,13.74324],[100.68885,13.74373],[100.68901,13.74464],[100.68918,13.74508],[100.68943,13.74546],[100.68959,13.7459],[100.69009,13.74586],[100.69038,13.74591],[100.69051,13.74595],[100.69126,13.74708],[100.6917,13.74823],[100.69252,13.74969],[100.69297,13.74975],[100.69312,13.74985],[100.69314,13.75013],[100.6931,13.75044],[100.69313,13.75054],[100.69305,13.75058],[100.69299,13.75068],[100.69304,13.7508],[100.69323,13.75105],[100.69343,13.75155],[100.69327,13.75165],[100.69252,13.75211],[100.69259,13.75219],[100.69345,13.75228],[100.69522,13.7525],[100.69519,13.75148],[100.69524,13.75152],[100.69527,13.75146],[100.69536,13.75142],[100.69544,13.75131],[100.69626,13.75066],[100.69692,13.75032],[100.69766,13.7498],[100.6981,13.75042],[100.69835,13.75048],[100.70182,13.74852],[100.70209,13.74857],[100.70214,13.74802],[100.70106,13.74579],[100.6985,13.74705],[100.69836,13.74685],[100.69826,13.74689]]]}},{"type":"Feature","properties":{"name":"บ้านมั่นคงสวนพลู","type":"ชุมชนเมือง","district":"เขตสาทร","subdistrict":"ทุ่งมหาเมฆ","lat":13.71982054,"lng":100.54155233},"geometry":{"type":"Polygon","coordinates":[[[100.54143,13.72014],[100.54162,13.72028],[100.5421,13.72055],[100.54212,13.72056],[100.54281,13.72015],[100.54294,13.72001],[100.54292,13.71999],[100.54211,13.71934],[100.54143,13.72014]]]}},{"type":"Feature","properties":{"name":"กองขยะหนองแขม","type":"ชุมชนแออัด","district":"เขตหนองแขม","subdistrict":"หนองค้างพลู","lat":13.730987,"lng":100.361177},"geometry":{"type":"Polygon","coordinates":[[[100.36139,13.71854],[100.3634,13.71909],[100.3635,13.71909],[100.36376,13.71916],[100.36377,13.71811],[100.36128,13.71753],[100.36128,13.71845],[100.36132,13.7185],[100.36139,13.71854]]]}},{"type":"Feature","properties":{"name":"พงษ์ศิริชัย 2","type":"ชุมชนเมือง","district":"เขตหนองแขม","subdistrict":"หนองค้างพลู","lat":13.7039553,"lng":100.3315798},"geometry":{"type":"Polygon","coordinates":[[[100.33232,13.70158],[100.33233,13.70178],[100.33245,13.70178],[100.33246,13.70202],[100.33382,13.70202],[100.33418,13.70201],[100.33433,13.702],[100.33432,13.70117],[100.33408,13.70117],[100.33395,13.70117],[100.33395,13.70113],[100.33381,13.70113],[100.33381,13.70115],[100.33372,13.70115],[100.33365,13.7011],[100.33238,13.70095],[100.33232,13.70158]]]}},{"type":"Feature","properties":{"name":"เลียบคลองตาปลั่ง","type":"ชุมชนชานเมือง","district":"เขตหนองแขม","subdistrict":"หนองแขม","lat":13.678157,"lng":100.347476},"geometry":{"type":"Polygon","coordinates":[[[100.35196,13.67369],[100.35013,13.67416],[100.35019,13.67434],[100.3502,13.67448],[100.35018,13.67479],[100.35025,13.67493],[100.35151,13.6746],[100.35162,13.67461],[100.35167,13.67487],[100.35167,13.67502],[100.3517,13.67508],[100.3522,13.67505],[100.35236,13.67538],[100.35236,13.67569],[100.3525,13.67584],[100.35254,13.67626],[100.35298,13.67632],[100.35315,13.67661],[100.35326,13.67684],[100.35347,13.67754],[100.35352,13.67801],[100.35361,13.67845],[100.35359,13.6786],[100.35314,13.67854],[100.35286,13.67853],[100.3528,13.67864],[100.35264,13.67972],[100.35266,13.67983],[100.35314,13.67991],[100.35306,13.68033],[100.3535,13.6804],[100.35356,13.68023],[100.35364,13.68],[100.3537,13.67985],[100.35382,13.67953],[100.35382,13.67918],[100.35374,13.67886],[100.35367,13.67841],[100.35352,13.67745],[100.35337,13.67672],[100.35327,13.67618],[100.35321,13.67585],[100.35319,13.67569],[100.35304,13.67557],[100.35279,13.67546],[100.35259,13.67536],[100.35242,13.67526],[100.35233,13.67509],[100.35227,13.67485],[100.35213,13.67458],[100.35195,13.67401],[100.35195,13.67376],[100.35194,13.67376],[100.35196,13.67369]]]}},{"type":"Feature","properties":{"name":"วัดวงษ์ลาภาราม","type":"ชุมชนชานเมือง","district":"เขตหนองแขม","subdistrict":"หนองค้างพลู","lat":13.717015,"lng":100.357994},"geometry":{"type":"Polygon","coordinates":[[[100.3598,13.71724],[100.36006,13.71561],[100.35925,13.71549],[100.35906,13.71675],[100.35752,13.71669],[100.35749,13.71724],[100.3576,13.71724],[100.35784,13.71723],[100.35831,13.71717],[100.35863,13.71714],[100.35897,13.71716],[100.35923,13.71719],[100.35946,13.71723],[100.35961,13.71723],[100.3598,13.71724]]]}},{"type":"Feature","properties":{"name":"หมุ่บ้านพรทิพา 4","type":"ชุมชนเมือง","district":"เขตหนองแขม","subdistrict":"หนองแขม","lat":13.681293,"lng":100.334728},"geometry":{"type":"Polygon","coordinates":[[[100.33988,13.66916],[100.33985,13.66956],[100.34101,13.66941],[100.34108,13.669],[100.34092,13.66902],[100.33988,13.66916]]]}},{"type":"Feature","properties":{"name":"เคหะฉลองกรุงโซน 5","type":"ชุมชนเมือง","district":"เขตหนองจอก","subdistrict":"ลำผักชี","lat":13.77620991,"lng":100.84312344},"geometry":{"type":"Polygon","coordinates":[[[100.84479,13.77559],[100.84562,13.77524],[100.84551,13.77525],[100.84564,13.77523],[100.84562,13.77524],[100.84569,13.77523],[100.84573,13.77405],[100.84574,13.77283],[100.84586,13.77068],[100.84437,13.77082],[100.843,13.77089],[100.84293,13.77284],[100.84309,13.77477],[100.84334,13.77515],[100.84387,13.77574],[100.84479,13.77559]]]}},{"type":"Feature","properties":{"name":"เคหะชุมชนท่าทราย","type":"ชุมชนเมือง","district":"เขตหลักสี่","subdistrict":"ทุ่งสองห้อง","lat":13.87381,"lng":100.559047},"geometry":{"type":"Polygon","coordinates":[[[100.55204,13.87326],[100.55204,13.8734],[100.55213,13.8734],[100.55222,13.8741],[100.553,13.87387],[100.55321,13.87386],[100.55377,13.87386],[100.55378,13.87396],[100.55427,13.87385],[100.55452,13.87385],[100.55465,13.87384],[100.55465,13.87396],[100.55471,13.87428],[100.5548,13.87484],[100.55592,13.87467],[100.55573,13.87349],[100.55571,13.87327],[100.55668,13.87329],[100.55668,13.87335],[100.55701,13.87334],[100.5571,13.87332],[100.55732,13.87332],[100.55758,13.87327],[100.55772,13.87327],[100.5578,13.87326],[100.55796,13.87325],[100.55816,13.87324],[100.55846,13.87324],[100.55849,13.87364],[100.55844,13.87393],[100.55835,13.87452],[100.55832,13.8748],[100.55831,13.87493],[100.55847,13.87495],[100.55847,13.87493],[100.55852,13.87493],[100.55862,13.87532],[100.55879,13.87529],[100.55915,13.87518],[100.55924,13.87518],[100.55942,13.87517],[100.55961,13.8751],[100.55995,13.87504],[100.56018,13.875],[100.56051,13.87494],[100.56062,13.87489],[100.56093,13.87481],[100.56094,13.87486],[100.56168,13.8747],[100.56212,13.87463],[100.56238,13.87461],[100.56254,13.87459],[100.56281,13.87454],[100.56326,13.87441],[100.56409,13.87429],[100.56411,13.87365],[100.56408,13.8734],[100.56405,13.87309],[100.56391,13.87306],[100.56393,13.87291],[100.5632,13.87282],[100.56301,13.8728],[100.56305,13.87243],[100.56297,13.87236],[100.56273,13.87223],[100.56265,13.87219],[100.56263,13.87199],[100.56231,13.87198],[100.56223,13.87198],[100.56201,13.87194],[100.56164,13.87186],[100.56154,13.87185],[100.56112,13.87187],[100.56103,13.87186],[100.56081,13.87196],[100.56071,13.87195],[100.56065,13.87195],[100.56048,13.87194],[100.56018,13.87191],[100.55982,13.87182],[100.55953,13.8718],[100.5596,13.87148],[100.55955,13.87145],[100.55957,13.87131],[100.55878,13.87129],[100.55876,13.87145],[100.55873,13.8715],[100.5587,13.87158],[100.55871,13.87183],[100.55867,13.87182],[100.55848,13.87195],[100.55798,13.87201],[100.55794,13.87203],[100.55763,13.87205],[100.55763,13.87211],[100.5575,13.87211],[100.5575,13.87224],[100.55686,13.87222],[100.55626,13.87224],[100.55613,13.87224],[100.55613,13.87216],[100.55591,13.87216],[100.5559,13.87234],[100.55567,13.87232],[100.55564,13.87089],[100.55564,13.87066],[100.55564,13.87057],[100.55545,13.87058],[100.55545,13.8709],[100.55506,13.87091],[100.55447,13.87094],[100.55447,13.8708],[100.55403,13.87081],[100.554,13.87083],[100.55359,13.87085],[100.55354,13.87081],[100.55311,13.87082],[100.55305,13.87089],[100.55263,13.87091],[100.55265,13.87139],[100.55241,13.87148],[100.55241,13.87156],[100.55241,13.87171],[100.55242,13.8718],[100.55238,13.87189],[100.55234,13.8721],[100.55233,13.87249],[100.55234,13.87258],[100.55229,13.87267],[100.55229,13.8729],[100.5523,13.87297],[100.55213,13.87321],[100.55208,13.87326],[100.55204,13.87326]]]}},{"type":"Feature","properties":{"name":"เคหะชุมชนทุ่งสองห้อง 301","type":"ชุมชนเมือง","district":"เขตหลักสี่","subdistrict":"ทุ่งสองห้อง","lat":13.904316,"lng":100.575218},"geometry":{"type":"Polygon","coordinates":[[[100.57508,13.90506],[100.5756,13.90496],[100.57586,13.90487],[100.57578,13.90459],[100.57562,13.90463],[100.57527,13.90361],[100.57463,13.90381],[100.57508,13.90506]]]}},{"type":"Feature","properties":{"name":"เคหะชุมชนทุ่งสองห้อง 330","type":"ชุมชนเมือง","district":"เขตหลักสี่","subdistrict":"ทุ่งสองห้อง","lat":13.899051,"lng":100.586695},"geometry":{"type":"Polygon","coordinates":[[[100.58654,13.8998],[100.5872,13.89946],[100.58707,13.89914],[100.58649,13.89811],[100.58611,13.8983],[100.58621,13.8985],[100.58623,13.89861],[100.58622,13.89917],[100.58622,13.89922],[100.58654,13.8998]]]}},{"type":"Feature","properties":{"name":"ชินเขต","type":"ชุมชนเมือง","district":"เขตหลักสี่","subdistrict":"ทุ่งสองห้อง","lat":13.861905,"lng":100.555708},"geometry":{"type":"Polygon","coordinates":[[[100.56025,13.85712],[100.56015,13.85634],[100.56013,13.85602],[100.55998,13.85551],[100.55984,13.85451],[100.55897,13.85432],[100.55825,13.8542],[100.55739,13.85399],[100.55669,13.85381],[100.55575,13.85346],[100.55518,13.85326],[100.55466,13.8531],[100.55363,13.85289],[100.55277,13.85266],[100.55257,13.85262],[100.55017,13.85401],[100.54817,13.85513],[100.54826,13.85529],[100.54806,13.85561],[100.54793,13.85599],[100.54783,13.85608],[100.54763,13.8561],[100.54707,13.85751],[100.54686,13.85798],[100.54667,13.85849],[100.54689,13.85859],[100.5471,13.85868],[100.54732,13.85882],[100.5475,13.85898],[100.54751,13.859],[100.54761,13.85905],[100.54772,13.85908],[100.54784,13.85913],[100.54785,13.85912],[100.54796,13.85916],[100.548,13.85914],[100.54809,13.85914],[100.5482,13.85918],[100.5484,13.8592],[100.54797,13.86043],[100.54634,13.85979],[100.54675,13.86151],[100.54697,13.86148],[100.54839,13.86155],[100.54868,13.86162],[100.54868,13.86204],[100.54871,13.8621],[100.54858,13.86265],[100.54837,13.86333],[100.54841,13.86343],[100.54834,13.86386],[100.54893,13.86387],[100.54891,13.86394],[100.54906,13.86395],[100.54982,13.86418],[100.55021,13.86425],[100.55113,13.86413],[100.55248,13.86431],[100.5546,13.86446],[100.55441,13.86698],[100.55445,13.86735],[100.55437,13.8676],[100.55403,13.86788],[100.55397,13.86811],[100.55405,13.86819],[100.55402,13.86893],[100.55387,13.86896],[100.55366,13.86939],[100.55351,13.86942],[100.55358,13.86981],[100.55333,13.86984],[100.55338,13.8708],[100.55353,13.8708],[100.5536,13.87085],[100.55399,13.87082],[100.55402,13.8708],[100.55446,13.87079],[100.55449,13.87092],[100.55543,13.87089],[100.55544,13.87056],[100.55568,13.87056],[100.5557,13.87231],[100.55589,13.87233],[100.55589,13.87216],[100.55615,13.87214],[100.55614,13.87223],[100.55686,13.87221],[100.55749,13.87223],[100.55749,13.87211],[100.55761,13.8721],[100.55762,13.87205],[100.55794,13.87202],[100.55797,13.872],[100.55848,13.87194],[100.55866,13.87181],[100.55869,13.87182],[100.55869,13.87152],[100.55874,13.87143],[100.55875,13.87128],[100.55956,13.87129],[100.5596,13.87066],[100.55961,13.87055],[100.55968,13.87025],[100.56061,13.87035],[100.56059,13.87021],[100.56064,13.8688],[100.56,13.86876],[100.56004,13.86709],[100.55996,13.86709],[100.55995,13.86666],[100.56002,13.86666],[100.56061,13.86419],[100.56017,13.86411],[100.55896,13.86408],[100.55899,13.86261],[100.55901,13.86188],[100.56004,13.8619],[100.56114,13.86136],[100.561,13.86082],[100.56092,13.86046],[100.56073,13.85904],[100.56067,13.85891],[100.56069,13.8586],[100.56058,13.85832],[100.56045,13.8578],[100.56038,13.85755],[100.56039,13.85754],[100.56036,13.85743],[100.56035,13.85734],[100.56033,13.85734],[100.56032,13.85729],[100.5603,13.8573],[100.56025,13.85712]]]}},{"type":"Feature","properties":{"name":"เทวสุนทร","type":"ชุมชนแออัด","district":"เขตหลักสี่","subdistrict":"ทุ่งสองห้อง","lat":13.856296,"lng":100.563416},"geometry":{"type":"Polygon","coordinates":[[[100.56374,13.85661],[100.56384,13.85655],[100.56388,13.85653],[100.5639,13.85656],[100.56395,13.85654],[100.56398,13.8566],[100.56408,13.85655],[100.56393,13.85628],[100.56387,13.85619],[100.56383,13.85611],[100.56382,13.85611],[100.56381,13.85611],[100.56364,13.85583],[100.56342,13.85544],[100.56344,13.85543],[100.56342,13.85538],[100.56343,13.85537],[100.56341,13.85535],[100.56339,13.85536],[100.56335,13.85527],[100.56334,13.85528],[100.56325,13.85511],[100.56299,13.85509],[100.5629,13.85509],[100.56277,13.85508],[100.56258,13.85504],[100.56229,13.855],[100.56228,13.85507],[100.56277,13.85514],[100.56277,13.85515],[100.56289,13.85517],[100.5629,13.85518],[100.56294,13.85518],[100.56298,13.85535],[100.56302,13.8554],[100.56303,13.85544],[100.56307,13.85551],[100.56314,13.85555],[100.56318,13.85554],[100.56321,13.85565],[100.5633,13.85581],[100.56337,13.85587],[100.56341,13.85596],[100.5634,13.85596],[100.56345,13.85607],[100.56347,13.85611],[100.56344,13.85613],[100.56347,13.85621],[100.56349,13.85621],[100.56355,13.8563],[100.56358,13.85636],[100.56361,13.85641],[100.56364,13.85648],[100.56362,13.85649],[100.56363,13.85653],[100.56371,13.85652],[100.56373,13.85657],[100.56373,13.85658],[100.56374,13.85661]]]}},{"type":"Feature","properties":{"name":"บางบัวเชิงสะพานไม้ 1","type":"ชุมชนเมือง","district":"เขตหลักสี่","subdistrict":"ตลาดบางเขน","lat":13.860361,"lng":100.585694},"geometry":{"type":"Polygon","coordinates":[[[100.58634,13.85895],[100.58634,13.85895],[100.58624,13.85892],[100.58625,13.85884],[100.58602,13.85869],[100.58597,13.85879],[100.58599,13.85881],[100.58602,13.85883],[100.58601,13.85888],[100.58603,13.85889],[100.58603,13.85895],[100.58604,13.85896],[100.58604,13.859],[100.58609,13.85901],[100.58607,13.85923],[100.58603,13.85923],[100.58606,13.85992],[100.58612,13.86003],[100.58622,13.86002],[100.58622,13.86014],[100.58623,13.86022],[100.58625,13.86022],[100.58625,13.86025],[100.58609,13.86028],[100.58611,13.86046],[100.58613,13.86066],[100.58614,13.86081],[100.58601,13.86087],[100.58604,13.86098],[100.58608,13.86097],[100.58609,13.861],[100.5865,13.86096],[100.58634,13.85895]],[[100.58634,13.85895],[100.58634,13.85895],[100.58634,13.85896],[100.58634,13.85895]]]}},{"type":"Feature","properties":{"name":"บางบัวร่วมใจพัฒนา(เชิงสะพานไม้ 2)","type":"ชุมชนแออัด","district":"เขตหลักสี่","subdistrict":"ตลาดบางเขน","lat":13.865893,"lng":100.58375},"geometry":{"type":"Polygon","coordinates":[[[100.5865,13.86096],[100.5862,13.861],[100.58601,13.86104],[100.58543,13.86118],[100.58529,13.86124],[100.58426,13.86188],[100.58441,13.86199],[100.5846,13.86211],[100.58507,13.86195],[100.58516,13.86192],[100.58549,13.8618],[100.58621,13.86151],[100.58624,13.86183],[100.58626,13.8619],[100.58625,13.862],[100.58626,13.86206],[100.58626,13.86213],[100.58628,13.86221],[100.58626,13.86221],[100.58627,13.86228],[100.58624,13.86228],[100.58625,13.86234],[100.58628,13.86234],[100.5863,13.86244],[100.58628,13.86245],[100.58628,13.86249],[100.58631,13.86249],[100.5863,13.86255],[100.58631,13.86263],[100.58631,13.86269],[100.58629,13.86273],[100.58631,13.86283],[100.58634,13.86283],[100.5864,13.86282],[100.5864,13.86282],[100.58642,13.86282],[100.58642,13.86289],[100.5864,13.86293],[100.58639,13.86294],[100.58633,13.86294],[100.58634,13.863],[100.58635,13.8632],[100.58638,13.86323],[100.58641,13.86352],[100.58657,13.8635],[100.58659,13.86357],[100.58672,13.86355],[100.58672,13.86355],[100.5865,13.86096]]]}},{"type":"Feature","properties":{"name":"บางบัวหมู่บ้านอาทิตย์","type":"ชุมชนเมือง","district":"เขตหลักสี่","subdistrict":"ตลาดบางเขน","lat":13.861807,"lng":100.585077},"geometry":{"type":"Polygon","coordinates":[[[100.58337,13.8626],[100.58337,13.86268],[100.58336,13.86275],[100.58336,13.8628],[100.58337,13.86284],[100.58335,13.86291],[100.58332,13.86295],[100.58334,13.863],[100.58334,13.863],[100.58369,13.86288],[100.58625,13.8619],[100.58623,13.86183],[100.58621,13.86151],[100.58553,13.86178],[100.58549,13.8618],[100.58546,13.86181],[100.58466,13.86211],[100.58466,13.8621],[100.58463,13.86211],[100.58463,13.86213],[100.58409,13.86233],[100.58403,13.86235],[100.58393,13.86239],[100.58384,13.86243],[100.58337,13.8626]]]}},{"type":"Feature","properties":{"name":"หลังแฟลตร่วมพัฒนา","type":"ชุมชนแออัด","district":"เขตหลักสี่","subdistrict":"ตลาดบางเขน","lat":13.865808,"lng":100.569407},"geometry":{"type":"Polygon","coordinates":[[[100.56737,13.86185],[100.56721,13.86195],[100.56744,13.86243],[100.56763,13.86278],[100.5678,13.86311],[100.56786,13.86321],[100.56798,13.86342],[100.56808,13.86367],[100.56811,13.86369],[100.56818,13.86383],[100.56825,13.86398],[100.56833,13.86409],[100.56837,13.86419],[100.56839,13.86426],[100.56845,13.86434],[100.5685,13.86441],[100.56847,13.86444],[100.56856,13.86456],[100.56861,13.86462],[100.5686,13.86465],[100.56868,13.86477],[100.56877,13.86496],[100.56881,13.86502],[100.56887,13.86511],[100.56895,13.86522],[100.56898,13.86523],[100.56904,13.86535],[100.56913,13.86558],[100.56915,13.86562],[100.56928,13.86579],[100.56934,13.86586],[100.56939,13.86593],[100.56943,13.86592],[100.56957,13.86617],[100.56959,13.86628],[100.56959,13.86635],[100.56964,13.86641],[100.56969,13.86651],[100.56975,13.86664],[100.56981,13.86666],[100.56989,13.86678],[100.56997,13.86675],[100.56958,13.86601],[100.56941,13.86565],[100.5691,13.86509],[100.56881,13.86454],[100.56856,13.86411],[100.56862,13.86408],[100.56859,13.86404],[100.56864,13.864],[100.5686,13.86395],[100.56857,13.86396],[100.56856,13.86393],[100.56848,13.86397],[100.5684,13.86379],[100.56837,13.86379],[100.56823,13.86349],[100.56823,13.86341],[100.56814,13.86319],[100.56808,13.86305],[100.56797,13.86309],[100.56771,13.86253],[100.56737,13.86185]]]}},{"type":"Feature","properties":{"name":"บึงพระราม 9","type":"ชุมชนแออัด","district":"เขตห้วยขวาง","subdistrict":"บางกะปิ","lat":13.750966,"lng":100.602933},"geometry":{"type":"Polygon","coordinates":[[[100.59901,13.75309],[100.59909,13.75327],[100.59917,13.75337],[100.59924,13.75354],[100.59926,13.75362],[100.59929,13.75376],[100.59947,13.75399],[100.59949,13.75402],[100.59982,13.75438],[100.60107,13.75315],[100.60223,13.75222],[100.60226,13.75222],[100.60235,13.75229],[100.60255,13.75246],[100.60262,13.7525],[100.60267,13.75254],[100.60272,13.7525],[100.60274,13.75248],[100.60317,13.75211],[100.60364,13.75159],[100.60377,13.75135],[100.60369,13.75115],[100.60361,13.75079],[100.60362,13.75078],[100.60326,13.75044],[100.60292,13.75011],[100.60281,13.74996],[100.60189,13.74906],[100.60144,13.74947],[100.6014,13.74944],[100.60135,13.7495],[100.60138,13.74952],[100.60087,13.74997],[100.60173,13.75082],[100.60151,13.75099],[100.60158,13.7511],[100.60155,13.75114],[100.60159,13.75152],[100.60144,13.75163],[100.60143,13.75166],[100.60142,13.75168],[100.6015,13.75173],[100.60126,13.752],[100.60101,13.75246],[100.60074,13.75269],[100.60064,13.75277],[100.60057,13.75275],[100.6005,13.75284],[100.60027,13.75275],[100.60023,13.75286],[100.6001,13.75285],[100.6001,13.75285],[100.59996,13.75284],[100.59981,13.75291],[100.59973,13.75292],[100.5995,13.75304],[100.59948,13.75304],[100.59922,13.75315],[100.59915,13.753],[100.59901,13.75309]]]}},{"type":"Feature","properties":{"name":"บึงพระราม 9 พัฒนา","type":"ชุมชนแออัด","district":"เขตห้วยขวาง","subdistrict":"บางกะปิ","lat":13.752611,"lng":100.601798},"geometry":{"type":"Polygon","coordinates":[[[100.59808,13.75677],[100.59842,13.75648],[100.59844,13.75651],[100.59852,13.75643],[100.5985,13.75641],[100.59891,13.75599],[100.59974,13.75528],[100.60059,13.75449],[100.60116,13.75397],[100.60183,13.75332],[100.6023,13.75289],[100.60263,13.75256],[100.60228,13.75227],[100.60176,13.75273],[100.60142,13.753],[100.60121,13.75317],[100.60112,13.75323],[100.60106,13.75329],[100.60072,13.75362],[100.60056,13.75382],[100.60045,13.7539],[100.6002,13.75415],[100.59994,13.75441],[100.59975,13.75451],[100.59957,13.75427],[100.59936,13.75408],[100.59933,13.754],[100.59936,13.75397],[100.5993,13.75378],[100.59925,13.7536],[100.59921,13.75348],[100.59909,13.75327],[100.59906,13.75328],[100.59898,13.75328],[100.59907,13.75384],[100.59861,13.75395],[100.59862,13.75397],[100.59859,13.75434],[100.59794,13.75501],[100.59758,13.75559],[100.59742,13.75592],[100.5973,13.75638],[100.59764,13.75661],[100.59726,13.75663],[100.5967,13.75701],[100.59636,13.75752],[100.59675,13.75779],[100.59631,13.75861],[100.59637,13.75896],[100.59653,13.75924],[100.59694,13.75844],[100.59718,13.75793],[100.59736,13.75759],[100.59767,13.7572],[100.59808,13.75677]]]}},{"type":"Feature","properties":{"name":"ริมคลองบางซื่อลาดพร้าว 42-44","type":"ชุมชนแออัด","district":"เขตห้วยขวาง","subdistrict":"สามเสนนอก","lat":13.798157,"lng":100.581255},"geometry":{"type":"Polygon","coordinates":[[[100.58189,13.79805],[100.58222,13.79813],[100.58221,13.79815],[100.58245,13.7982],[100.58262,13.79824],[100.58282,13.79829],[100.58284,13.79827],[100.58372,13.79848],[100.5838,13.79812],[100.58344,13.79807],[100.58332,13.79803],[100.58309,13.798],[100.58268,13.79795],[100.5826,13.79793],[100.58239,13.79788],[100.58226,13.79785],[100.58202,13.7978],[100.58161,13.79771],[100.5815,13.79765],[100.58085,13.79752],[100.58023,13.79737],[100.57977,13.79729],[100.57935,13.79723],[100.57896,13.79716],[100.57867,13.79712],[100.57865,13.79711],[100.57862,13.79729],[100.57855,13.79727],[100.57852,13.7974],[100.5797,13.79765],[100.58085,13.79786],[100.58109,13.79792],[100.58131,13.79796],[100.58156,13.798],[100.58178,13.79804],[100.58188,13.79806],[100.58189,13.79805]]]}},{"type":"Feature","properties":{"name":"ริมคลองบางซื่อลาดพร้าว 46","type":"ชุมชนแออัด","district":"เขตห้วยขวาง","subdistrict":"สามเสนนอก","lat":13.798909,"lng":100.584875},"geometry":{"type":"Polygon","coordinates":[[[100.58646,13.79878],[100.58645,13.79875],[100.58591,13.79863],[100.58562,13.79854],[100.58525,13.79851],[100.58476,13.7984],[100.58444,13.79828],[100.58404,13.7982],[100.58379,13.79816],[100.58375,13.79832],[100.58371,13.79852],[100.58422,13.79857],[100.58445,13.79862],[100.58489,13.79872],[100.58505,13.79875],[100.58505,13.79887],[100.58507,13.79888],[100.58519,13.79886],[100.58541,13.79882],[100.58603,13.79902],[100.58646,13.79878]]]}},{"type":"Feature","properties":{"name":"ริมคลองลาดพร้าวประชาอุทิศ","type":"ชุมชนแออัด","district":"เขตห้วยขวาง","subdistrict":"สามเสนนอก","lat":13.765709,"lng":100.594198},"geometry":{"type":"Polygon","coordinates":[[[100.59331,13.76885],[100.59357,13.76877],[100.59371,13.76862],[100.59375,13.76848],[100.59381,13.76824],[100.59383,13.76811],[100.59411,13.76745],[100.59428,13.76695],[100.5944,13.7665],[100.5945,13.76644],[100.59464,13.7659],[100.59464,13.76564],[100.59471,13.76529],[100.59462,13.76528],[100.59464,13.76506],[100.59467,13.7649],[100.59465,13.76482],[100.59464,13.76467],[100.59458,13.76466],[100.59463,13.76456],[100.59469,13.76453],[100.59462,13.76394],[100.59453,13.76396],[100.59449,13.76396],[100.59447,13.76392],[100.59435,13.76392],[100.59438,13.76478],[100.59436,13.76589],[100.59404,13.76708],[100.59367,13.76783],[100.59335,13.7686],[100.59334,13.7686],[100.59331,13.76885]]]}},{"type":"Feature","properties":{"name":"โรงปูนฝั่งใต้","type":"ชุมชนแออัด","district":"เขตห้วยขวาง","subdistrict":"บางกะปิ","lat":13.74442,"lng":100.592212},"geometry":{"type":"Polygon","coordinates":[[[100.59482,13.74409],[100.59499,13.74407],[100.59541,13.74414],[100.59566,13.74418],[100.59594,13.74424],[100.59626,13.74419],[100.59676,13.744],[100.59708,13.74385],[100.59696,13.74343],[100.59677,13.74344],[100.59666,13.74346],[100.59536,13.74358],[100.59518,13.74359],[100.59462,13.74367],[100.59458,13.74367],[100.59436,13.74369],[100.59432,13.7438],[100.59431,13.74384],[100.59444,13.74414],[100.59482,13.74409]]]}},{"type":"Feature","properties":{"name":"โรงปูนฝั่งเหนือ","type":"ชุมชนแออัด","district":"เขตห้วยขวาง","subdistrict":"บางกะปิ","lat":13.745246,"lng":100.592457},"geometry":{"type":"Polygon","coordinates":[[[100.59631,13.74444],[100.5964,13.74444],[100.59647,13.74443],[100.59704,13.7443],[100.59706,13.74431],[100.59723,13.74427],[100.59708,13.7439],[100.59655,13.7441],[100.59634,13.74416],[100.59607,13.74426],[100.59593,13.74426],[100.59576,13.74424],[100.5952,13.74414],[100.59496,13.7441],[100.59469,13.74414],[100.59447,13.74419],[100.59442,13.74423],[100.59415,13.74431],[100.59394,13.74434],[100.59357,13.74444],[100.59318,13.74452],[100.59296,13.74459],[100.59294,13.74459],[100.59279,13.74462],[100.59281,13.74467],[100.59284,13.74477],[100.59284,13.74479],[100.5929,13.74479],[100.59337,13.74473],[100.59348,13.74473],[100.59363,13.7447],[100.59365,13.74472],[100.59381,13.74467],[100.59404,13.74461],[100.59407,13.7446],[100.59408,13.74463],[100.59419,13.74462],[100.59422,13.74463],[100.59423,13.74465],[100.59447,13.74461],[100.59463,13.74463],[100.59464,13.74465],[100.59467,13.74475],[100.5947,13.74475],[100.59503,13.74471],[100.5952,13.74465],[100.59518,13.74456],[100.59562,13.74451],[100.59585,13.74449],[100.59615,13.74446],[100.59631,13.74444]]]}},{"type":"Feature","properties":{"name":"ลาดพร้าว 45","type":"ชุมชนแออัด","district":"เขตห้วยขวาง","subdistrict":"สามเสนนอก","lat":13.800219,"lng":100.588808},"geometry":{"type":"Polygon","coordinates":[[[100.58867,13.80024],[100.5887,13.80024],[100.58869,13.80032],[100.58858,13.80085],[100.58856,13.80105],[100.5885,13.80145],[100.58848,13.80145],[100.58847,13.8015],[100.58842,13.80174],[100.5884,13.80174],[100.58838,13.80181],[100.58839,13.80182],[100.58834,13.80196],[100.58835,13.80196],[100.58819,13.8023],[100.58836,13.80236],[100.58839,13.80239],[100.58856,13.802],[100.58857,13.80197],[100.58863,13.80182],[100.58864,13.80175],[100.58869,13.8016],[100.5887,13.80152],[100.58873,13.80141],[100.58875,13.8014],[100.58879,13.8012],[100.5888,13.8011],[100.58884,13.80091],[100.58891,13.80058],[100.58896,13.8005],[100.58897,13.80031],[100.58897,13.8001],[100.58899,13.8],[100.58898,13.79956],[100.58894,13.79946],[100.58892,13.7994],[100.58895,13.79885],[100.58899,13.79844],[100.58907,13.79757],[100.58881,13.79775],[100.58875,13.79915],[100.58875,13.79922],[100.58864,13.79921],[100.58856,13.79918],[100.58848,13.79917],[100.58841,13.79919],[100.58831,13.79915],[100.58766,13.79903],[100.58744,13.799],[100.58735,13.79895],[100.58677,13.79886],[100.58649,13.799],[100.58643,13.79906],[100.58652,13.7991],[100.58678,13.79917],[100.58677,13.79918],[100.58679,13.79926],[100.58683,13.79934],[100.58694,13.79938],[100.58704,13.7994],[100.58705,13.79927],[100.58715,13.79928],[100.58715,13.79926],[100.58717,13.79926],[100.58742,13.79933],[100.58743,13.79951],[100.5877,13.79948],[100.58777,13.79944],[100.58778,13.79943],[100.58788,13.79945],[100.58802,13.79945],[100.58808,13.79948],[100.5881,13.7995],[100.58813,13.79951],[100.58814,13.79958],[100.58823,13.79962],[100.58834,13.79961],[100.58835,13.79955],[100.58862,13.79961],[100.58866,13.79966],[100.58871,13.79971],[100.58869,13.79994],[100.58867,13.80001],[100.58867,13.80002],[100.58867,13.80024]]]}},{"type":"Feature","properties":{"name":"ลาดพร้าว 80","type":"ชุมชนแออัด","district":"เขตห้วยขวาง","subdistrict":"สามเสนนอก","lat":13.779798,"lng":100.5925},"geometry":{"type":"MultiPolygon","coordinates":[[[[100.59334,13.77943],[100.59335,13.77938],[100.59344,13.77894],[100.59348,13.77877],[100.59346,13.77858],[100.59347,13.77821],[100.59347,13.77792],[100.59347,13.77716],[100.59348,13.77675],[100.59338,13.7765],[100.59333,13.77602],[100.59311,13.77468],[100.59305,13.77462],[100.59297,13.77352],[100.59294,13.77355],[100.59244,13.77356],[100.59246,13.77377],[100.59243,13.77376],[100.59248,13.77412],[100.59251,13.77449],[100.59264,13.77451],[100.59269,13.77473],[100.59269,13.77495],[100.59273,13.77494],[100.59276,13.77517],[100.59273,13.77518],[100.59284,13.77591],[100.59297,13.77596],[100.59302,13.77614],[100.59302,13.77623],[100.5929,13.77625],[100.59301,13.77696],[100.59175,13.77707],[100.59168,13.77817],[100.59195,13.7782],[100.59192,13.77862],[100.59204,13.77865],[100.59211,13.77901],[100.59271,13.77901],[100.59274,13.7795],[100.59305,13.77964],[100.59324,13.77964],[100.59334,13.77943]]],[[[100.59312,13.77972],[100.59293,13.77971],[100.59179,13.78166],[100.59194,13.78168],[100.59312,13.77972]]]]}}]}